module	annotation_available	top_category	top_subcategory	top_pathway	top_pathway_id	top_fdr	top_significant	priority_theme	priority_category	priority_subcategory	priority_pathway	priority_pathway_id	priority_fdr	priority_significant	priority_is_top	displayed_selection	displayed_category	displayed_subcategory	displayed_pathway	displayed_pathway_id	displayed_fdr	subtitle_text
32	True	Human Diseases	Infectious disease: viral	Herpes simplex virus 1 infection	hsa05168	1.41390176681591e-13	True	infection	Human Diseases	Infectious disease: viral	Herpes simplex virus 1 infection	hsa05168	1.41390176681591e-13	True	True	priority_significant_lowest_fdr	Human Diseases	Infectious disease: viral	Herpes simplex virus 1 infection	hsa05168	1.41390176681591e-13	KEGG enrichment: Human Diseases / Infectious disease: viral / Herpes simplex virus 1 infection | FDR=1.41e-13
34	True	Human Diseases	Infectious disease: bacterial	Staphylococcus aureus infection	hsa05150	6.80059001955905e-21	True	infection	Human Diseases	Infectious disease: bacterial	Staphylococcus aureus infection	hsa05150	6.80059001955905e-21	True	True	priority_significant_lowest_fdr	Human Diseases	Infectious disease: bacterial	Staphylococcus aureus infection	hsa05150	6.80059001955905e-21	KEGG enrichment: Human Diseases / Infectious disease: bacterial / Staphylococcus aureus infection | FDR=6.80e-21
36	True	Human Diseases	Infectious disease: viral	Coronavirus disease - COVID-19	hsa05171	1.3647522275452e-33	True	infection	Human Diseases	Infectious disease: viral	Coronavirus disease - COVID-19	hsa05171	1.3647522275452e-33	True	True	priority_significant_lowest_fdr	Human Diseases	Infectious disease: viral	Coronavirus disease - COVID-19	hsa05171	1.3647522275452e-33	KEGG enrichment: Human Diseases / Infectious disease: viral / Coronavirus disease - COVID-19 | FDR=1.36e-33
38	True	Human Diseases	Infectious disease: bacterial	Staphylococcus aureus infection	hsa05150	3.0165850088357803e-25	True	infection	Human Diseases	Infectious disease: bacterial	Staphylococcus aureus infection	hsa05150	3.0165850088357803e-25	True	True	priority_significant_lowest_fdr	Human Diseases	Infectious disease: bacterial	Staphylococcus aureus infection	hsa05150	3.0165850088357803e-25	KEGG enrichment: Human Diseases / Infectious disease: bacterial / Staphylococcus aureus infection | FDR=3.02e-25
56	True	Cellular Processes	Cell motility	Cytoskeleton in muscle cells	hsa04820	3.85592085893508e-13	True	infection	Human Diseases	Infectious disease: bacterial	Pertussis	hsa05133	1.60381349307079e-09	True	False	priority_significant_lowest_fdr	Human Diseases	Infectious disease: bacterial	Pertussis	hsa05133	1.60381349307079e-09	KEGG enrichment: Human Diseases / Infectious disease: bacterial / Pertussis | FDR=1.60e-09
57	True	Human Diseases	Infectious disease: viral	Herpes simplex virus 1 infection	hsa05168	1.4335893983744398e-22	True	infection	Human Diseases	Infectious disease: viral	Herpes simplex virus 1 infection	hsa05168	1.4335893983744398e-22	True	True	priority_significant_lowest_fdr	Human Diseases	Infectious disease: viral	Herpes simplex virus 1 infection	hsa05168	1.4335893983744398e-22	KEGG enrichment: Human Diseases / Infectious disease: viral / Herpes simplex virus 1 infection | FDR=1.43e-22
59	True	Human Diseases	Infectious disease: parasitic	Toxoplasmosis	hsa05145	2.94998694531633e-05	True	infection	Human Diseases	Infectious disease: parasitic	Toxoplasmosis	hsa05145	2.94998694531633e-05	True	True	priority_significant_lowest_fdr	Human Diseases	Infectious disease: parasitic	Toxoplasmosis	hsa05145	2.94998694531633e-05	KEGG enrichment: Human Diseases / Infectious disease: parasitic / Toxoplasmosis | FDR=2.95e-05
60	True	Human Diseases	Cancer: specific types	Small cell lung cancer	hsa05222	1.83525393362686e-08	True	infection	Human Diseases	Infectious disease: parasitic	Amoebiasis	hsa05146	1.71420736774526e-06	True	False	priority_significant_lowest_fdr	Human Diseases	Infectious disease: parasitic	Amoebiasis	hsa05146	1.71420736774526e-06	KEGG enrichment: Human Diseases / Infectious disease: parasitic / Amoebiasis | FDR=1.71e-06
61	True	Genetic Information Processing	Folding, sorting and degradation	Protein processing in endoplasmic reticulum	hsa04141	2.0728336100923397e-42	True	infection	Human Diseases	Infectious disease: viral	Herpes simplex virus 1 infection	hsa05168	0.0001478798825848	True	False	priority_significant_lowest_fdr	Human Diseases	Infectious disease: viral	Herpes simplex virus 1 infection	hsa05168	0.0001478798825848	KEGG enrichment: Human Diseases / Infectious disease: viral / Herpes simplex virus 1 infection | FDR=1.48e-04
65	True	Environmental Information Processing	Signal transduction	PI3K-Akt signaling pathway	hsa04151	7.610897653266909e-18	True	infection	Human Diseases	Infectious disease: viral	Human papillomavirus infection	hsa05165	2.52403126987509e-07	True	False	priority_significant_lowest_fdr	Human Diseases	Infectious disease: viral	Human papillomavirus infection	hsa05165	2.52403126987509e-07	KEGG enrichment: Human Diseases / Infectious disease: viral / Human papillomavirus infection | FDR=2.52e-07
66	True	Human Diseases	Infectious disease: parasitic	Malaria	hsa05144	0.000127500467275	True	infection	Human Diseases	Infectious disease: parasitic	Malaria	hsa05144	0.000127500467275	True	True	priority_significant_lowest_fdr	Human Diseases	Infectious disease: parasitic	Malaria	hsa05144	0.000127500467275	KEGG enrichment: Human Diseases / Infectious disease: parasitic / Malaria | FDR=1.28e-04
68	True	Environmental Information Processing	Signal transduction	TNF signaling pathway	hsa04668	8.35016523546373e-22	True	lipid metabolism	Human Diseases	Cardiovascular disease	Lipid and atherosclerosis	hsa05417	6.95243523403583e-17	True	False	priority_significant_lowest_fdr	Human Diseases	Cardiovascular disease	Lipid and atherosclerosis	hsa05417	6.95243523403583e-17	KEGG enrichment: Human Diseases / Cardiovascular disease / Lipid and atherosclerosis | FDR=6.95e-17
70	True	Environmental Information Processing	Signal transduction	JAK-STAT signaling pathway	hsa04630	2.09138571284195e-21	True	infection	Environmental Information Processing	Signaling molecules and interaction	Viral protein interaction with cytokine and cytokine receptor	hsa04061	3.91692114313717e-11	True	False	priority_significant_lowest_fdr	Environmental Information Processing	Signaling molecules and interaction	Viral protein interaction with cytokine and cytokine receptor	hsa04061	3.91692114313717e-11	KEGG enrichment: Environmental Information Processing / Signaling molecules and interaction / Viral protein interaction with cytokine and cytokine receptor | FDR=3.92e-11
91	True	Environmental Information Processing	Signal transduction	TGF-beta signaling pathway	hsa04350	0.000330690109199	True	infection	Human Diseases	Infectious disease: viral	Human papillomavirus infection	hsa05165	0.0007727579207451	True	False	priority_significant_lowest_fdr	Human Diseases	Infectious disease: viral	Human papillomavirus infection	hsa05165	0.0007727579207451	KEGG enrichment: Human Diseases / Infectious disease: viral / Human papillomavirus infection | FDR=7.73e-04
92	False						False							False	False	unavailable						KEGG enrichment: not available
93	True	Metabolism	Amino acid metabolism	Alanine, aspartate and glutamate metabolism	hsa00250	0.0678547941839972	False							False	False	overall_lowest_fdr	Metabolism	Amino acid metabolism	Alanine, aspartate and glutamate metabolism	hsa00250	0.0678547941839972	KEGG enrichment: Metabolism / Amino acid metabolism / Alanine, aspartate and glutamate metabolism | FDR=0.068
144	False						False							False	False	unavailable						KEGG enrichment: not available
154	True	Organismal Systems	Digestive system	Mineral absorption	hsa04978	0.000406723509638	True	lipid metabolism	Metabolism	Global and overview maps	Fatty acid metabolism	hsa01212	0.0176844140832391	True	False	priority_significant_lowest_fdr	Metabolism	Global and overview maps	Fatty acid metabolism	hsa01212	0.0176844140832391	KEGG enrichment: Metabolism / Global and overview maps / Fatty acid metabolism | FDR=0.018
158	True	Metabolism	Global and overview maps	Metabolic pathways	hsa01100	0.0004879550349017	True	metabolism	Metabolism	Global and overview maps	Metabolic pathways	hsa01100	0.0004879550349017	True	True	priority_significant_lowest_fdr	Metabolism	Global and overview maps	Metabolic pathways	hsa01100	0.0004879550349017	KEGG enrichment: Metabolism / Global and overview maps / Metabolic pathways | FDR=4.88e-04
187	True	Genetic Information Processing	Information processing in viruses	Virion - Hepatitis viruses	hsa03272	0.0126078277677823	True	infection	Genetic Information Processing	Information processing in viruses	Virion - Hepatitis viruses	hsa03272	0.0126078277677823	True	True	priority_significant_lowest_fdr	Genetic Information Processing	Information processing in viruses	Virion - Hepatitis viruses	hsa03272	0.0126078277677823	KEGG enrichment: Genetic Information Processing / Information processing in viruses / Virion - Hepatitis viruses | FDR=0.013
188	True	Environmental Information Processing	Signaling molecules and interaction	Cytokine-cytokine receptor interaction	hsa04060	1.0664120628022e-05	True							False	False	overall_lowest_fdr	Environmental Information Processing	Signaling molecules and interaction	Cytokine-cytokine receptor interaction	hsa04060	1.0664120628022e-05	KEGG enrichment: Environmental Information Processing / Signaling molecules and interaction / Cytokine-cytokine receptor interaction | FDR=1.07e-05
189	True	Metabolism	Lipid metabolism	Ether lipid metabolism	hsa00565	0.0154380347154386	True	lipid metabolism	Metabolism	Lipid metabolism	Ether lipid metabolism	hsa00565	0.0154380347154386	True	True	priority_significant_lowest_fdr	Metabolism	Lipid metabolism	Ether lipid metabolism	hsa00565	0.0154380347154386	KEGG enrichment: Metabolism / Lipid metabolism / Ether lipid metabolism | FDR=0.015
190	False						False							False	False	unavailable						KEGG enrichment: not available
191	True	Environmental Information Processing	Signal transduction	TGF-beta signaling pathway	hsa04350	5.91069166272907e-06	True	infection	Human Diseases	Infectious disease: viral	Human papillomavirus infection	hsa05165	0.0006566060671479	True	False	priority_significant_lowest_fdr	Human Diseases	Infectious disease: viral	Human papillomavirus infection	hsa05165	0.0006566060671479	KEGG enrichment: Human Diseases / Infectious disease: viral / Human papillomavirus infection | FDR=6.57e-04
192	True	Environmental Information Processing	Signal transduction	TGF-beta signaling pathway	hsa04350	0.0163370372359209	True	lipid metabolism	Metabolism	Lipid metabolism	Sphingolipid metabolism	hsa00600	0.0163370372359209	True	False	priority_significant_lowest_fdr	Metabolism	Lipid metabolism	Sphingolipid metabolism	hsa00600	0.0163370372359209	KEGG enrichment: Metabolism / Lipid metabolism / Sphingolipid metabolism | FDR=0.016
193	True	Genetic Information Processing	Replication and repair	Nucleotide excision repair	hsa03420	8.56889681938823e-06	True	lipid metabolism	Metabolism	Lipid metabolism	Steroid biosynthesis	hsa00100	0.011190883969735	True	False	priority_significant_lowest_fdr	Metabolism	Lipid metabolism	Steroid biosynthesis	hsa00100	0.011190883969735	KEGG enrichment: Metabolism / Lipid metabolism / Steroid biosynthesis | FDR=0.011
228	False						False							False	False	unavailable						KEGG enrichment: not available
229	False						False							False	False	unavailable						KEGG enrichment: not available
263	True	Organismal Systems	Sensory system	Olfactory transduction	hsa04740	0.0018948464706522	True							False	False	overall_lowest_fdr	Organismal Systems	Sensory system	Olfactory transduction	hsa04740	0.0018948464706522	KEGG enrichment: Organismal Systems / Sensory system / Olfactory transduction | FDR=0.002
374	True	Metabolism	Global and overview maps	Metabolic pathways	hsa01100	0.0897816067799904	False							False	False	overall_lowest_fdr	Metabolism	Global and overview maps	Metabolic pathways	hsa01100	0.0897816067799904	KEGG enrichment: Metabolism / Global and overview maps / Metabolic pathways | FDR=0.090
376	True	Human Diseases	Infectious disease: bacterial	Salmonella infection	hsa05132	0.028178924381681	True	infection	Human Diseases	Infectious disease: bacterial	Salmonella infection	hsa05132	0.028178924381681	True	True	priority_significant_lowest_fdr	Human Diseases	Infectious disease: bacterial	Salmonella infection	hsa05132	0.028178924381681	KEGG enrichment: Human Diseases / Infectious disease: bacterial / Salmonella infection | FDR=0.028
396	True	Cellular Processes	Cell growth and death	p53 signaling pathway	hsa04115	3.93287295704754e-06	True	lipid metabolism	Metabolism	Lipid metabolism	Glycerolipid metabolism	hsa00561	0.0009042166738449	True	False	priority_significant_lowest_fdr	Metabolism	Lipid metabolism	Glycerolipid metabolism	hsa00561	0.0009042166738449	KEGG enrichment: Metabolism / Lipid metabolism / Glycerolipid metabolism | FDR=9.04e-04
417	True	Metabolism	Amino acid metabolism	Valine, leucine and isoleucine degradation	hsa00280	2.9167621765293497e-12	True	metabolism	Metabolism	Amino acid metabolism	Valine, leucine and isoleucine degradation	hsa00280	2.9167621765293497e-12	True	True	priority_significant_lowest_fdr	Metabolism	Amino acid metabolism	Valine, leucine and isoleucine degradation	hsa00280	2.9167621765293497e-12	KEGG enrichment: Metabolism / Amino acid metabolism / Valine, leucine and isoleucine degradation | FDR=2.92e-12
520	True	Human Diseases	Drug resistance: antineoplastic	Platinum drug resistance	hsa01524	0.0066032242918473	True							False	False	overall_lowest_fdr	Human Diseases	Drug resistance: antineoplastic	Platinum drug resistance	hsa01524	0.0066032242918473	KEGG enrichment: Human Diseases / Drug resistance: antineoplastic / Platinum drug resistance | FDR=0.007
541	True	Metabolism	Global and overview maps	Biosynthesis of cofactors	hsa01240	0.0021178289615711	True	metabolism	Metabolism	Global and overview maps	Biosynthesis of cofactors	hsa01240	0.0021178289615711	True	True	priority_significant_lowest_fdr	Metabolism	Global and overview maps	Biosynthesis of cofactors	hsa01240	0.0021178289615711	KEGG enrichment: Metabolism / Global and overview maps / Biosynthesis of cofactors | FDR=0.002
584	True	Genetic Information Processing	Folding, sorting and degradation	Protein processing in endoplasmic reticulum	hsa04141	1.43173012533012e-19	True	lipid metabolism	Human Diseases	Cardiovascular disease	Lipid and atherosclerosis	hsa05417	5.39128211412248e-08	True	False	priority_significant_lowest_fdr	Human Diseases	Cardiovascular disease	Lipid and atherosclerosis	hsa05417	5.39128211412248e-08	KEGG enrichment: Human Diseases / Cardiovascular disease / Lipid and atherosclerosis | FDR=5.39e-08
589	True	Genetic Information Processing	Translation	mRNA surveillance pathway	hsa03015	0.242670296744769	False							False	False	overall_lowest_fdr	Genetic Information Processing	Translation	mRNA surveillance pathway	hsa03015	0.242670296744769	KEGG enrichment: Genetic Information Processing / Translation / mRNA surveillance pathway | FDR=0.243
590	True	Metabolism	Lipid metabolism	Steroid biosynthesis	hsa00100	0.104444522707122	False							False	False	overall_lowest_fdr	Metabolism	Lipid metabolism	Steroid biosynthesis	hsa00100	0.104444522707122	KEGG enrichment: Metabolism / Lipid metabolism / Steroid biosynthesis | FDR=0.104
635	True	Environmental Information Processing	Signal transduction	FoxO signaling pathway	hsa04068	8.66004376854327e-07	True	lipid metabolism	Metabolism	Lipid metabolism	Steroid hormone biosynthesis	hsa00140	0.012923169212163	True	False	priority_significant_lowest_fdr	Metabolism	Lipid metabolism	Steroid hormone biosynthesis	hsa00140	0.012923169212163	KEGG enrichment: Metabolism / Lipid metabolism / Steroid hormone biosynthesis | FDR=0.013
637	True	Organismal Systems	Endocrine system	Insulin signaling pathway	hsa04910	7.02848806882517e-05	True	infection	Human Diseases	Infectious disease: viral	Human T-cell leukemia virus 1 infection	hsa05166	0.0219800213536209	True	False	priority_significant_lowest_fdr	Human Diseases	Infectious disease: viral	Human T-cell leukemia virus 1 infection	hsa05166	0.0219800213536209	KEGG enrichment: Human Diseases / Infectious disease: viral / Human T-cell leukemia virus 1 infection | FDR=0.022
644	True	Cellular Processes	Cell growth and death	Cell cycle	hsa04110	0.0035930358529978	True	metabolism	Metabolism	Glycan biosynthesis and metabolism	Various types of N-glycan biosynthesis	hsa00513	0.046823157817278	True	False	priority_significant_lowest_fdr	Metabolism	Glycan biosynthesis and metabolism	Various types of N-glycan biosynthesis	hsa00513	0.046823157817278	KEGG enrichment: Metabolism / Glycan biosynthesis and metabolism / Various types of N-glycan biosynthesis | FDR=0.047
660	True	Organismal Systems	Digestive system	Cobalamin transport and metabolism	hsa04980	1.20516343049607e-06	True	metabolism	Organismal Systems	Digestive system	Cobalamin transport and metabolism	hsa04980	1.20516343049607e-06	True	True	priority_significant_lowest_fdr	Organismal Systems	Digestive system	Cobalamin transport and metabolism	hsa04980	1.20516343049607e-06	KEGG enrichment: Organismal Systems / Digestive system / Cobalamin transport and metabolism | FDR=1.21e-06
661	True	Environmental Information Processing	Signal transduction	Wnt signaling pathway	hsa04310	4.68412876158856e-06	True	metabolism	Human Diseases	Endocrine and metabolic disease	Cushing syndrome	hsa04934	0.0088454299640721	True	False	priority_significant_lowest_fdr	Human Diseases	Endocrine and metabolic disease	Cushing syndrome	hsa04934	0.0088454299640721	KEGG enrichment: Human Diseases / Endocrine and metabolic disease / Cushing syndrome | FDR=0.009
736	True	Genetic Information Processing	Folding, sorting and degradation	RNA degradation	hsa03018	0.0117800357255467	True							False	False	overall_lowest_fdr	Genetic Information Processing	Folding, sorting and degradation	RNA degradation	hsa03018	0.0117800357255467	KEGG enrichment: Genetic Information Processing / Folding, sorting and degradation / RNA degradation | FDR=0.012
737	True	Genetic Information Processing	Replication and repair	DNA replication	hsa03030	0.001019198662835	True	infection	Human Diseases	Infectious disease: viral	Hepatitis C	hsa05160	0.0071919538571186	True	False	priority_significant_lowest_fdr	Human Diseases	Infectious disease: viral	Hepatitis C	hsa05160	0.0071919538571186	KEGG enrichment: Human Diseases / Infectious disease: viral / Hepatitis C | FDR=0.007
742	True	Human Diseases	Infectious disease: bacterial	Legionellosis	hsa05134	0.0026290990220019	True	infection	Human Diseases	Infectious disease: bacterial	Legionellosis	hsa05134	0.0026290990220019	True	True	priority_significant_lowest_fdr	Human Diseases	Infectious disease: bacterial	Legionellosis	hsa05134	0.0026290990220019	KEGG enrichment: Human Diseases / Infectious disease: bacterial / Legionellosis | FDR=0.003
744	True	Genetic Information Processing	Translation	mRNA surveillance pathway	hsa03015	0.0024186869278531	True							False	False	overall_lowest_fdr	Genetic Information Processing	Translation	mRNA surveillance pathway	hsa03015	0.0024186869278531	KEGG enrichment: Genetic Information Processing / Translation / mRNA surveillance pathway | FDR=0.002
796	True	Environmental Information Processing	Signaling molecules and interaction	Neuroactive ligand-receptor interaction	hsa04080	0.0001130839451688	True	metabolism	Metabolism	Glycan biosynthesis and metabolism	Glycosaminoglycan biosynthesis - heparan sulfate / heparin	hsa00534	0.013076992301859	True	False	priority_significant_lowest_fdr	Metabolism	Glycan biosynthesis and metabolism	Glycosaminoglycan biosynthesis - heparan sulfate / heparin	hsa00534	0.013076992301859	KEGG enrichment: Metabolism / Glycan biosynthesis and metabolism / Glycosaminoglycan biosynthesis - heparan sulfate / heparin | FDR=0.013
883	True	Cellular Processes	Cell growth and death	Apoptosis	hsa04210	0.196556483053578	False							False	False	overall_lowest_fdr	Cellular Processes	Cell growth and death	Apoptosis	hsa04210	0.196556483053578	KEGG enrichment: Cellular Processes / Cell growth and death / Apoptosis | FDR=0.197
917	True	Environmental Information Processing	Signal transduction	Rap1 signaling pathway	hsa04015	0.0078266756803369	True							False	False	overall_lowest_fdr	Environmental Information Processing	Signal transduction	Rap1 signaling pathway	hsa04015	0.0078266756803369	KEGG enrichment: Environmental Information Processing / Signal transduction / Rap1 signaling pathway | FDR=0.008
933	False						False							False	False	unavailable						KEGG enrichment: not available
934	True	Cellular Processes	Cell motility	Cytoskeleton in muscle cells	hsa04820	0.628733470491603	False							False	False	overall_lowest_fdr	Cellular Processes	Cell motility	Cytoskeleton in muscle cells	hsa04820	0.628733470491603	KEGG enrichment: Cellular Processes / Cell motility / Cytoskeleton in muscle cells | FDR=0.629
935	True	Metabolism	Global and overview maps	Metabolic pathways	hsa01100	0.651706610359742	False							False	False	overall_lowest_fdr	Metabolism	Global and overview maps	Metabolic pathways	hsa01100	0.651706610359742	KEGG enrichment: Metabolism / Global and overview maps / Metabolic pathways | FDR=0.652
936	False						False							False	False	unavailable						KEGG enrichment: not available
1012	False						False							False	False	unavailable						KEGG enrichment: not available
1014	False						False							False	False	unavailable						KEGG enrichment: not available
1024	False						False							False	False	unavailable						KEGG enrichment: not available
1046	False						False							False	False	unavailable						KEGG enrichment: not available
1115	False						False							False	False	unavailable						KEGG enrichment: not available
1139	True	Environmental Information Processing	Signaling molecules and interaction	Neuroactive ligand signaling	hsa04082	0.001421450413493	True	metabolism	Human Diseases	Cancer: overview	Choline metabolism in cancer	hsa05231	0.0363480538431149	True	False	priority_significant_lowest_fdr	Human Diseases	Cancer: overview	Choline metabolism in cancer	hsa05231	0.0363480538431149	KEGG enrichment: Human Diseases / Cancer: overview / Choline metabolism in cancer | FDR=0.036
1144	False						False							False	False	unavailable						KEGG enrichment: not available
1158	False						False							False	False	unavailable						KEGG enrichment: not available
1175	False						False							False	False	unavailable						KEGG enrichment: not available
1179	True	Environmental Information Processing	Signal transduction	Calcium signaling pathway	hsa04020	0.0176671600109261	True	Alzheimer disease	Human Diseases	Neurodegenerative disease	Alzheimer disease	hsa05010	0.0242161457412443	True	False	priority_significant_lowest_fdr	Human Diseases	Neurodegenerative disease	Alzheimer disease	hsa05010	0.0242161457412443	KEGG enrichment: Human Diseases / Neurodegenerative disease / Alzheimer disease | FDR=0.024
1180	True	Cellular Processes	Cell growth and death	Oocyte meiosis	hsa04114	0.322722341074947	False							False	False	overall_lowest_fdr	Cellular Processes	Cell growth and death	Oocyte meiosis	hsa04114	0.322722341074947	KEGG enrichment: Cellular Processes / Cell growth and death / Oocyte meiosis | FDR=0.323
1181	True	Organismal Systems	Nervous system	Synaptic vesicle cycle	hsa04721	3.21627709875105e-07	True	infection	Human Diseases	Infectious disease: bacterial	Vibrio cholerae infection	hsa05110	3.21627709875105e-07	True	False	priority_significant_lowest_fdr	Human Diseases	Infectious disease: bacterial	Vibrio cholerae infection	hsa05110	3.21627709875105e-07	KEGG enrichment: Human Diseases / Infectious disease: bacterial / Vibrio cholerae infection | FDR=3.22e-07
1196	False						False							False	False	unavailable						KEGG enrichment: not available
1198	True	Environmental Information Processing	Signaling molecules and interaction	IgSF CAM signaling	hsa04517	0.0026850818386921	True							False	False	overall_lowest_fdr	Environmental Information Processing	Signaling molecules and interaction	IgSF CAM signaling	hsa04517	0.0026850818386921	KEGG enrichment: Environmental Information Processing / Signaling molecules and interaction / IgSF CAM signaling | FDR=0.003
1203	True	Metabolism	Global and overview maps	Metabolic pathways	hsa01100	0.922807842887725	False							False	False	overall_lowest_fdr	Metabolism	Global and overview maps	Metabolic pathways	hsa01100	0.922807842887725	KEGG enrichment: Metabolism / Global and overview maps / Metabolic pathways | FDR=0.923
1205	True	Metabolism	Global and overview maps	Metabolic pathways	hsa01100	0.99458842726511	False							False	False	overall_lowest_fdr	Metabolism	Global and overview maps	Metabolic pathways	hsa01100	0.99458842726511	KEGG enrichment: Metabolism / Global and overview maps / Metabolic pathways | FDR=0.995
1206	False						False							False	False	unavailable						KEGG enrichment: not available
1209	True	Organismal Systems	Endocrine system	Insulin signaling pathway	hsa04910	0.0136530583373228	True	metabolism	Metabolism	Carbohydrate metabolism	Inositol phosphate metabolism	hsa00562	0.0136530583373228	True	False	priority_significant_lowest_fdr	Metabolism	Carbohydrate metabolism	Inositol phosphate metabolism	hsa00562	0.0136530583373228	KEGG enrichment: Metabolism / Carbohydrate metabolism / Inositol phosphate metabolism | FDR=0.014
1210	True	Metabolism	Lipid metabolism	Arachidonic acid metabolism	hsa00590	0.00072988345149	True	lipid metabolism	Metabolism	Lipid metabolism	Arachidonic acid metabolism	hsa00590	0.00072988345149	True	True	priority_significant_lowest_fdr	Metabolism	Lipid metabolism	Arachidonic acid metabolism	hsa00590	0.00072988345149	KEGG enrichment: Metabolism / Lipid metabolism / Arachidonic acid metabolism | FDR=7.30e-04
1211	True	Environmental Information Processing	Signaling molecules and interaction	Neuroactive ligand-receptor interaction	hsa04080	8.22517735150218e-05	True							False	False	overall_lowest_fdr	Environmental Information Processing	Signaling molecules and interaction	Neuroactive ligand-receptor interaction	hsa04080	8.22517735150218e-05	KEGG enrichment: Environmental Information Processing / Signaling molecules and interaction / Neuroactive ligand-receptor interaction | FDR=8.23e-05
1263	False						False							False	False	unavailable						KEGG enrichment: not available
1267	False						False							False	False	unavailable						KEGG enrichment: not available
1269	False						False							False	False	unavailable						KEGG enrichment: not available
1304	True	Environmental Information Processing	Signaling molecules and interaction	IgSF CAM signaling	hsa04517	0.0072107194917265	True	metabolism	Metabolism	Global and overview maps	Carbon metabolism	hsa01200	0.0392663466608817	True	False	priority_significant_lowest_fdr	Metabolism	Global and overview maps	Carbon metabolism	hsa01200	0.0392663466608817	KEGG enrichment: Metabolism / Global and overview maps / Carbon metabolism | FDR=0.039
1307	True	Human Diseases	Neurodegenerative disease	Huntington disease	hsa05016	0.000142190945423	True	Alzheimer disease	Human Diseases	Neurodegenerative disease	Alzheimer disease	hsa05010	0.000142190945423	True	False	priority_significant_lowest_fdr	Human Diseases	Neurodegenerative disease	Alzheimer disease	hsa05010	0.000142190945423	KEGG enrichment: Human Diseases / Neurodegenerative disease / Alzheimer disease | FDR=1.42e-04
1308	True	Human Diseases	Neurodegenerative disease	Huntington disease	hsa05016	3.2767873748269697e-12	True	metabolism	Metabolism	Energy metabolism	Oxidative phosphorylation	hsa00190	1.84842824778406e-08	True	False	priority_significant_lowest_fdr	Metabolism	Energy metabolism	Oxidative phosphorylation	hsa00190	1.84842824778406e-08	KEGG enrichment: Metabolism / Energy metabolism / Oxidative phosphorylation | FDR=1.85e-08
1309	True	Human Diseases	Infectious disease: bacterial	Epithelial cell signaling in Helicobacter pylori infection	hsa05120	0.0210621996561658	True	infection	Human Diseases	Infectious disease: bacterial	Epithelial cell signaling in Helicobacter pylori infection	hsa05120	0.0210621996561658	True	True	priority_significant_lowest_fdr	Human Diseases	Infectious disease: bacterial	Epithelial cell signaling in Helicobacter pylori infection	hsa05120	0.0210621996561658	KEGG enrichment: Human Diseases / Infectious disease: bacterial / Epithelial cell signaling in Helicobacter pylori infection | FDR=0.021
1312	True	Metabolism	Glycan biosynthesis and metabolism	Glycosaminoglycan biosynthesis - heparan sulfate / heparin	hsa00534	0.999435336412273	False							False	False	overall_lowest_fdr	Metabolism	Glycan biosynthesis and metabolism	Glycosaminoglycan biosynthesis - heparan sulfate / heparin	hsa00534	0.999435336412273	KEGG enrichment: Metabolism / Glycan biosynthesis and metabolism / Glycosaminoglycan biosynthesis - heparan sulfate / heparin | FDR=0.999
1313	True	Organismal Systems	Sensory system	Olfactory transduction	hsa04740	0.27444489473458	False							False	False	overall_lowest_fdr	Organismal Systems	Sensory system	Olfactory transduction	hsa04740	0.27444489473458	KEGG enrichment: Organismal Systems / Sensory system / Olfactory transduction | FDR=0.274
1314	True	Environmental Information Processing	Signaling molecules and interaction	Neuroactive ligand-receptor interaction	hsa04080	6.69191269383916e-08	True							False	False	overall_lowest_fdr	Environmental Information Processing	Signaling molecules and interaction	Neuroactive ligand-receptor interaction	hsa04080	6.69191269383916e-08	KEGG enrichment: Environmental Information Processing / Signaling molecules and interaction / Neuroactive ligand-receptor interaction | FDR=6.69e-08
1317	True	Organismal Systems	Digestive system	Vitamin digestion and absorption	hsa04977	0.0077840072936966	True							False	False	overall_lowest_fdr	Organismal Systems	Digestive system	Vitamin digestion and absorption	hsa04977	0.0077840072936966	KEGG enrichment: Organismal Systems / Digestive system / Vitamin digestion and absorption | FDR=0.008
1396	False						False							False	False	unavailable						KEGG enrichment: not available
1402	True	Organismal Systems	Nervous system	Glutamatergic synapse	hsa04724	8.51959638789841e-09	True							False	False	overall_lowest_fdr	Organismal Systems	Nervous system	Glutamatergic synapse	hsa04724	8.51959638789841e-09	KEGG enrichment: Organismal Systems / Nervous system / Glutamatergic synapse | FDR=8.52e-09
1403	False						False							False	False	unavailable						KEGG enrichment: not available
1405	False						False							False	False	unavailable						KEGG enrichment: not available
1460	False						False							False	False	unavailable						KEGG enrichment: not available
1464	False						False							False	False	unavailable						KEGG enrichment: not available
1477	True	Cellular Processes	Cell growth and death	Cell cycle	hsa04110	0.0150781304921548	True	metabolism	Metabolism	Global and overview maps	Biosynthesis of amino acids	hsa01230	0.0150781304921548	True	False	priority_significant_lowest_fdr	Metabolism	Global and overview maps	Biosynthesis of amino acids	hsa01230	0.0150781304921548	KEGG enrichment: Metabolism / Global and overview maps / Biosynthesis of amino acids | FDR=0.015
1505	True	Organismal Systems	Nervous system	Synaptic vesicle cycle	hsa04721	1.0910731042277e-07	True	infection	Human Diseases	Infectious disease: bacterial	Vibrio cholerae infection	hsa05110	1.0910731042277e-07	True	False	priority_significant_lowest_fdr	Human Diseases	Infectious disease: bacterial	Vibrio cholerae infection	hsa05110	1.0910731042277e-07	KEGG enrichment: Human Diseases / Infectious disease: bacterial / Vibrio cholerae infection | FDR=1.09e-07
1506	True	Cellular Processes	Transport and catabolism	Endocytosis	hsa04144	0.0866693179589574	False							False	False	overall_lowest_fdr	Cellular Processes	Transport and catabolism	Endocytosis	hsa04144	0.0866693179589574	KEGG enrichment: Cellular Processes / Transport and catabolism / Endocytosis | FDR=0.087
1508	False						False							False	False	unavailable						KEGG enrichment: not available
1509	True	Human Diseases	Neurodegenerative disease	Huntington disease	hsa05016	0.0007015004904542	True	metabolism	Metabolism	Carbohydrate metabolism	Glycolysis / Gluconeogenesis	hsa00010	0.0007015004904542	True	False	priority_significant_lowest_fdr	Metabolism	Carbohydrate metabolism	Glycolysis / Gluconeogenesis	hsa00010	0.0007015004904542	KEGG enrichment: Metabolism / Carbohydrate metabolism / Glycolysis / Gluconeogenesis | FDR=7.02e-04
1510	True	Human Diseases	Neurodegenerative disease	Parkinson disease	hsa05012	1.15621094123797e-09	True	Alzheimer disease	Human Diseases	Neurodegenerative disease	Alzheimer disease	hsa05010	2.34959580811167e-07	True	False	priority_significant_lowest_fdr	Human Diseases	Neurodegenerative disease	Alzheimer disease	hsa05010	2.34959580811167e-07	KEGG enrichment: Human Diseases / Neurodegenerative disease / Alzheimer disease | FDR=2.35e-07
1533	True	Metabolism	Glycan biosynthesis and metabolism	Mannose type O-glycan biosynthesis	hsa00515	0.0651267097550137	False							False	False	overall_lowest_fdr	Metabolism	Glycan biosynthesis and metabolism	Mannose type O-glycan biosynthesis	hsa00515	0.0651267097550137	KEGG enrichment: Metabolism / Glycan biosynthesis and metabolism / Mannose type O-glycan biosynthesis | FDR=0.065
1535	True	Cellular Processes	Transport and catabolism	Autophagy - other	hsa04136	0.164839622621262	False							False	False	overall_lowest_fdr	Cellular Processes	Transport and catabolism	Autophagy - other	hsa04136	0.164839622621262	KEGG enrichment: Cellular Processes / Transport and catabolism / Autophagy - other | FDR=0.165
1537	True	Genetic Information Processing	Chromosome	Polycomb repressive complex	hsa03083	0.001830941031057	True							False	False	overall_lowest_fdr	Genetic Information Processing	Chromosome	Polycomb repressive complex	hsa03083	0.001830941031057	KEGG enrichment: Genetic Information Processing / Chromosome / Polycomb repressive complex | FDR=0.002
1541	True	Cellular Processes	Transport and catabolism	Mitophagy - animal	hsa04137	0.0397709883622497	True							False	False	overall_lowest_fdr	Cellular Processes	Transport and catabolism	Mitophagy - animal	hsa04137	0.0397709883622497	KEGG enrichment: Cellular Processes / Transport and catabolism / Mitophagy - animal | FDR=0.040
1543	True	Genetic Information Processing	Chromosome	Polycomb repressive complex	hsa03083	0.0501948895809068	False							False	False	overall_lowest_fdr	Genetic Information Processing	Chromosome	Polycomb repressive complex	hsa03083	0.0501948895809068	KEGG enrichment: Genetic Information Processing / Chromosome / Polycomb repressive complex | FDR=0.050
1547	True	Metabolism	Metabolism of cofactors and vitamins	Pantothenate and CoA biosynthesis	hsa00770	0.99991821459754	False							False	False	overall_lowest_fdr	Metabolism	Metabolism of cofactors and vitamins	Pantothenate and CoA biosynthesis	hsa00770	0.99991821459754	KEGG enrichment: Metabolism / Metabolism of cofactors and vitamins / Pantothenate and CoA biosynthesis | FDR=1.000
1548	True	Genetic Information Processing	Replication and repair	DNA replication	hsa03030	0.184833211877479	False							False	False	overall_lowest_fdr	Genetic Information Processing	Replication and repair	DNA replication	hsa03030	0.184833211877479	KEGG enrichment: Genetic Information Processing / Replication and repair / DNA replication | FDR=0.185
1556	True	Organismal Systems	Development and regeneration	Axon guidance	hsa04360	0.220129185588392	False							False	False	overall_lowest_fdr	Organismal Systems	Development and regeneration	Axon guidance	hsa04360	0.220129185588392	KEGG enrichment: Organismal Systems / Development and regeneration / Axon guidance | FDR=0.220
1557	True	Organismal Systems	Endocrine system	Melanogenesis	hsa04916	0.229574781528307	False							False	False	overall_lowest_fdr	Organismal Systems	Endocrine system	Melanogenesis	hsa04916	0.229574781528307	KEGG enrichment: Organismal Systems / Endocrine system / Melanogenesis | FDR=0.230
1563	False						False							False	False	unavailable						KEGG enrichment: not available
1564	True	Genetic Information Processing	Translation	Nucleocytoplasmic transport	hsa03013	0.166419047344403	False							False	False	overall_lowest_fdr	Genetic Information Processing	Translation	Nucleocytoplasmic transport	hsa03013	0.166419047344403	KEGG enrichment: Genetic Information Processing / Translation / Nucleocytoplasmic transport | FDR=0.166
1567	True	Genetic Information Processing	Folding, sorting and degradation	Protein processing in endoplasmic reticulum	hsa04141	0.0005229458510741	True							False	False	overall_lowest_fdr	Genetic Information Processing	Folding, sorting and degradation	Protein processing in endoplasmic reticulum	hsa04141	0.0005229458510741	KEGG enrichment: Genetic Information Processing / Folding, sorting and degradation / Protein processing in endoplasmic reticulum | FDR=5.23e-04
1572	True	Genetic Information Processing	Transcription	RNA polymerase	hsa03020	0.038010166828393	True							False	False	overall_lowest_fdr	Genetic Information Processing	Transcription	RNA polymerase	hsa03020	0.038010166828393	KEGG enrichment: Genetic Information Processing / Transcription / RNA polymerase | FDR=0.038
1579	True	Organismal Systems	Development and regeneration	Axon guidance	hsa04360	0.0029749227707357	True							False	False	overall_lowest_fdr	Organismal Systems	Development and regeneration	Axon guidance	hsa04360	0.0029749227707357	KEGG enrichment: Organismal Systems / Development and regeneration / Axon guidance | FDR=0.003
1580	True	Environmental Information Processing	Signal transduction	PI3K-Akt signaling pathway	hsa04151	0.039188972815276	True							False	False	overall_lowest_fdr	Environmental Information Processing	Signal transduction	PI3K-Akt signaling pathway	hsa04151	0.039188972815276	KEGG enrichment: Environmental Information Processing / Signal transduction / PI3K-Akt signaling pathway | FDR=0.039
1581	False						False							False	False	unavailable						KEGG enrichment: not available
1582	False						False							False	False	unavailable						KEGG enrichment: not available
1590	True	Environmental Information Processing	Signaling molecules and interaction	IgSF CAM signaling	hsa04517	0.0185153585693855	True							False	False	overall_lowest_fdr	Environmental Information Processing	Signaling molecules and interaction	IgSF CAM signaling	hsa04517	0.0185153585693855	KEGG enrichment: Environmental Information Processing / Signaling molecules and interaction / IgSF CAM signaling | FDR=0.019
1591	True	Environmental Information Processing	Signaling molecules and interaction	IgSF CAM signaling	hsa04517	0.0899374862595054	False							False	False	overall_lowest_fdr	Environmental Information Processing	Signaling molecules and interaction	IgSF CAM signaling	hsa04517	0.0899374862595054	KEGG enrichment: Environmental Information Processing / Signaling molecules and interaction / IgSF CAM signaling | FDR=0.090
1592	True	Metabolism	Glycan biosynthesis and metabolism	Mucin type O-glycan biosynthesis	hsa00512	0.0003895374199829	True	metabolism	Metabolism	Glycan biosynthesis and metabolism	Mucin type O-glycan biosynthesis	hsa00512	0.0003895374199829	True	True	priority_significant_lowest_fdr	Metabolism	Glycan biosynthesis and metabolism	Mucin type O-glycan biosynthesis	hsa00512	0.0003895374199829	KEGG enrichment: Metabolism / Glycan biosynthesis and metabolism / Mucin type O-glycan biosynthesis | FDR=3.90e-04
1598	True	Human Diseases	Cancer: specific types	Breast cancer	hsa05224	0.0142113108608655	True	infection	Human Diseases	Infectious disease: viral	Human papillomavirus infection	hsa05165	0.0202143943922123	True	False	priority_significant_lowest_fdr	Human Diseases	Infectious disease: viral	Human papillomavirus infection	hsa05165	0.0202143943922123	KEGG enrichment: Human Diseases / Infectious disease: viral / Human papillomavirus infection | FDR=0.020
1599	True	Organismal Systems	Nervous system	GABAergic synapse	hsa04727	0.0282911070635248	True	Alzheimer disease	Human Diseases	Neurodegenerative disease	Alzheimer disease	hsa05010	0.0282911070635248	True	False	priority_significant_lowest_fdr	Human Diseases	Neurodegenerative disease	Alzheimer disease	hsa05010	0.0282911070635248	KEGG enrichment: Human Diseases / Neurodegenerative disease / Alzheimer disease | FDR=0.028
1600	True	Metabolism	Global and overview maps	Metabolic pathways	hsa01100	8.78439433733516e-06	True	metabolism	Metabolism	Global and overview maps	Metabolic pathways	hsa01100	8.78439433733516e-06	True	True	priority_significant_lowest_fdr	Metabolism	Global and overview maps	Metabolic pathways	hsa01100	8.78439433733516e-06	KEGG enrichment: Metabolism / Global and overview maps / Metabolic pathways | FDR=8.78e-06
1603	True	Genetic Information Processing	Replication and repair	Base excision repair	hsa03410	0.0269825286592563	True							False	False	overall_lowest_fdr	Genetic Information Processing	Replication and repair	Base excision repair	hsa03410	0.0269825286592563	KEGG enrichment: Genetic Information Processing / Replication and repair / Base excision repair | FDR=0.027
1604	True	Metabolism	Amino acid metabolism	Cysteine and methionine metabolism	hsa00270	0.052751534463774	False							False	False	overall_lowest_fdr	Metabolism	Amino acid metabolism	Cysteine and methionine metabolism	hsa00270	0.052751534463774	KEGG enrichment: Metabolism / Amino acid metabolism / Cysteine and methionine metabolism | FDR=0.053
1630	True	Human Diseases	Neurodegenerative disease	Parkinson disease	hsa05012	1.7933427147987102e-17	True	Alzheimer disease	Human Diseases	Neurodegenerative disease	Alzheimer disease	hsa05010	1.53067858958775e-15	True	False	priority_significant_lowest_fdr	Human Diseases	Neurodegenerative disease	Alzheimer disease	hsa05010	1.53067858958775e-15	KEGG enrichment: Human Diseases / Neurodegenerative disease / Alzheimer disease | FDR=1.53e-15
1632	True	Genetic Information Processing	Transcription	Spliceosome	hsa03040	0.0117328220165609	True							False	False	overall_lowest_fdr	Genetic Information Processing	Transcription	Spliceosome	hsa03040	0.0117328220165609	KEGG enrichment: Genetic Information Processing / Transcription / Spliceosome | FDR=0.012
1634	True	Genetic Information Processing	Translation	Ribosome biogenesis in eukaryotes	hsa03008	1.88000634792984e-07	True							False	False	overall_lowest_fdr	Genetic Information Processing	Translation	Ribosome biogenesis in eukaryotes	hsa03008	1.88000634792984e-07	KEGG enrichment: Genetic Information Processing / Translation / Ribosome biogenesis in eukaryotes | FDR=1.88e-07
1639	True	Human Diseases	Neurodegenerative disease	Parkinson disease	hsa05012	2.91818249975215e-13	True	metabolism	Metabolism	Energy metabolism	Oxidative phosphorylation	hsa00190	1.97232959835747e-12	True	False	priority_significant_lowest_fdr	Metabolism	Energy metabolism	Oxidative phosphorylation	hsa00190	1.97232959835747e-12	KEGG enrichment: Metabolism / Energy metabolism / Oxidative phosphorylation | FDR=1.97e-12
1640	True	Cellular Processes	Cell motility	Motor proteins	hsa04814	0.0066685461040526	True							False	False	overall_lowest_fdr	Cellular Processes	Cell motility	Motor proteins	hsa04814	0.0066685461040526	KEGG enrichment: Cellular Processes / Cell motility / Motor proteins | FDR=0.007
1643	True	Metabolism	Glycan biosynthesis and metabolism	Glycosylphosphatidylinositol (GPI)-anchor biosynthesis	hsa00563	0.0018421106610358	True	metabolism	Metabolism	Glycan biosynthesis and metabolism	Glycosylphosphatidylinositol (GPI)-anchor biosynthesis	hsa00563	0.0018421106610358	True	True	priority_significant_lowest_fdr	Metabolism	Glycan biosynthesis and metabolism	Glycosylphosphatidylinositol (GPI)-anchor biosynthesis	hsa00563	0.0018421106610358	KEGG enrichment: Metabolism / Glycan biosynthesis and metabolism / Glycosylphosphatidylinositol (GPI)-anchor biosynthesis | FDR=0.002
1644	True	Genetic Information Processing	Translation	Ribosome	hsa03010	0.0108089122917086	True	infection	Human Diseases	Infectious disease: viral	Coronavirus disease - COVID-19	hsa05171	0.0497726720892521	True	False	priority_significant_lowest_fdr	Human Diseases	Infectious disease: viral	Coronavirus disease - COVID-19	hsa05171	0.0497726720892521	KEGG enrichment: Human Diseases / Infectious disease: viral / Coronavirus disease - COVID-19 | FDR=0.050
1649	True	Genetic Information Processing	Folding, sorting and degradation	Ubiquitin mediated proteolysis	hsa04120	0.101844746638863	False							False	False	overall_lowest_fdr	Genetic Information Processing	Folding, sorting and degradation	Ubiquitin mediated proteolysis	hsa04120	0.101844746638863	KEGG enrichment: Genetic Information Processing / Folding, sorting and degradation / Ubiquitin mediated proteolysis | FDR=0.102
1650	True	Metabolism	Nucleotide metabolism	Purine metabolism	hsa00230	0.0911090128075967	False							False	False	overall_lowest_fdr	Metabolism	Nucleotide metabolism	Purine metabolism	hsa00230	0.0911090128075967	KEGG enrichment: Metabolism / Nucleotide metabolism / Purine metabolism | FDR=0.091
1653	True	Genetic Information Processing	Folding, sorting and degradation	Proteasome	hsa03050	0.0027794197490256	True							False	False	overall_lowest_fdr	Genetic Information Processing	Folding, sorting and degradation	Proteasome	hsa03050	0.0027794197490256	KEGG enrichment: Genetic Information Processing / Folding, sorting and degradation / Proteasome | FDR=0.003
1654	True	Human Diseases	Neurodegenerative disease	Parkinson disease	hsa05012	1.71182842357866e-40	True	metabolism	Metabolism	Energy metabolism	Oxidative phosphorylation	hsa00190	1.2512699978889699e-36	True	False	priority_significant_lowest_fdr	Metabolism	Energy metabolism	Oxidative phosphorylation	hsa00190	1.2512699978889699e-36	KEGG enrichment: Metabolism / Energy metabolism / Oxidative phosphorylation | FDR=1.25e-36
1671	True	Genetic Information Processing	Folding, sorting and degradation	RNA degradation	hsa03018	2.95381015654153e-06	True	Alzheimer disease	Human Diseases	Neurodegenerative disease	Alzheimer disease	hsa05010	0.0043262969886033	True	False	priority_significant_lowest_fdr	Human Diseases	Neurodegenerative disease	Alzheimer disease	hsa05010	0.0043262969886033	KEGG enrichment: Human Diseases / Neurodegenerative disease / Alzheimer disease | FDR=0.004
1710	True	Metabolism	Lipid metabolism	Glycerophospholipid metabolism	hsa00564	0.0348050791451068	True	lipid metabolism	Metabolism	Lipid metabolism	Glycerophospholipid metabolism	hsa00564	0.0348050791451068	True	True	priority_significant_lowest_fdr	Metabolism	Lipid metabolism	Glycerophospholipid metabolism	hsa00564	0.0348050791451068	KEGG enrichment: Metabolism / Lipid metabolism / Glycerophospholipid metabolism | FDR=0.035
1726	True	Metabolism	Metabolism of terpenoids and polyketides	Terpenoid backbone biosynthesis	hsa00900	8.04146073625414e-07	True	metabolism	Metabolism	Metabolism of terpenoids and polyketides	Terpenoid backbone biosynthesis	hsa00900	8.04146073625414e-07	True	True	priority_significant_lowest_fdr	Metabolism	Metabolism of terpenoids and polyketides	Terpenoid backbone biosynthesis	hsa00900	8.04146073625414e-07	KEGG enrichment: Metabolism / Metabolism of terpenoids and polyketides / Terpenoid backbone biosynthesis | FDR=8.04e-07
1730	True	Genetic Information Processing	Transcription	Spliceosome	hsa03040	1.53617493698647e-05	True	lipid metabolism	Metabolism	Lipid metabolism	Glycerophospholipid metabolism	hsa00564	0.0108583106289859	True	False	priority_significant_lowest_fdr	Metabolism	Lipid metabolism	Glycerophospholipid metabolism	hsa00564	0.0108583106289859	KEGG enrichment: Metabolism / Lipid metabolism / Glycerophospholipid metabolism | FDR=0.011
1757	True	Human Diseases	Neurodegenerative disease	Huntington disease	hsa05016	0.0596386700533014	False							False	False	overall_lowest_fdr	Human Diseases	Neurodegenerative disease	Huntington disease	hsa05016	0.0596386700533014	KEGG enrichment: Human Diseases / Neurodegenerative disease / Huntington disease | FDR=0.060
1806	True	Metabolism	Global and overview maps	Metabolic pathways	hsa01100	2.46224893309294e-10	True	metabolism	Metabolism	Global and overview maps	Metabolic pathways	hsa01100	2.46224893309294e-10	True	True	priority_significant_lowest_fdr	Metabolism	Global and overview maps	Metabolic pathways	hsa01100	2.46224893309294e-10	KEGG enrichment: Metabolism / Global and overview maps / Metabolic pathways | FDR=2.46e-10
1823	True	Metabolism	Global and overview maps	Metabolic pathways	hsa01100	3.09021941401499e-10	True	metabolism	Metabolism	Global and overview maps	Metabolic pathways	hsa01100	3.09021941401499e-10	True	True	priority_significant_lowest_fdr	Metabolism	Global and overview maps	Metabolic pathways	hsa01100	3.09021941401499e-10	KEGG enrichment: Metabolism / Global and overview maps / Metabolic pathways | FDR=3.09e-10
1831	True	Metabolism	Global and overview maps	Metabolic pathways	hsa01100	0.0003246085960818	True	metabolism	Metabolism	Global and overview maps	Metabolic pathways	hsa01100	0.0003246085960818	True	True	priority_significant_lowest_fdr	Metabolism	Global and overview maps	Metabolic pathways	hsa01100	0.0003246085960818	KEGG enrichment: Metabolism / Global and overview maps / Metabolic pathways | FDR=3.25e-04
1849	True	Metabolism	Global and overview maps	Metabolic pathways	hsa01100	1.49281269504128e-08	True	metabolism	Metabolism	Global and overview maps	Metabolic pathways	hsa01100	1.49281269504128e-08	True	True	priority_significant_lowest_fdr	Metabolism	Global and overview maps	Metabolic pathways	hsa01100	1.49281269504128e-08	KEGG enrichment: Metabolism / Global and overview maps / Metabolic pathways | FDR=1.49e-08
1861	True	Metabolism	Amino acid metabolism	Tryptophan metabolism	hsa00380	0.0004843043995578	True	metabolism	Metabolism	Amino acid metabolism	Tryptophan metabolism	hsa00380	0.0004843043995578	True	True	priority_significant_lowest_fdr	Metabolism	Amino acid metabolism	Tryptophan metabolism	hsa00380	0.0004843043995578	KEGG enrichment: Metabolism / Amino acid metabolism / Tryptophan metabolism | FDR=4.84e-04
1901	True	Environmental Information Processing	Signal transduction	PI3K-Akt signaling pathway	hsa04151	0.0075891917966101	True	metabolism	Metabolism	Amino acid metabolism	Alanine, aspartate and glutamate metabolism	hsa00250	0.0124150836886474	True	False	priority_significant_lowest_fdr	Metabolism	Amino acid metabolism	Alanine, aspartate and glutamate metabolism	hsa00250	0.0124150836886474	KEGG enrichment: Metabolism / Amino acid metabolism / Alanine, aspartate and glutamate metabolism | FDR=0.012
1903	True	Environmental Information Processing	Signaling molecules and interaction	Integrin signaling	hsa04518	6.30161167193696e-05	True	infection	Human Diseases	Infectious disease: parasitic	Amoebiasis	hsa05146	0.010665217302964	True	False	priority_significant_lowest_fdr	Human Diseases	Infectious disease: parasitic	Amoebiasis	hsa05146	0.010665217302964	KEGG enrichment: Human Diseases / Infectious disease: parasitic / Amoebiasis | FDR=0.011
1904	True	Genetic Information Processing	Replication and repair	Fanconi anemia pathway	hsa03460	0.003895019852156	True							False	False	overall_lowest_fdr	Genetic Information Processing	Replication and repair	Fanconi anemia pathway	hsa03460	0.003895019852156	KEGG enrichment: Genetic Information Processing / Replication and repair / Fanconi anemia pathway | FDR=0.004
1905	True	Cellular Processes	Transport and catabolism	Peroxisome	hsa04146	2.01885513442915e-05	True	metabolism	Metabolism	Carbohydrate metabolism	Starch and sucrose metabolism	hsa00500	0.0028227346108098	True	False	priority_significant_lowest_fdr	Metabolism	Carbohydrate metabolism	Starch and sucrose metabolism	hsa00500	0.0028227346108098	KEGG enrichment: Metabolism / Carbohydrate metabolism / Starch and sucrose metabolism | FDR=0.003
1907	True	Metabolism	Global and overview maps	Metabolic pathways	hsa01100	5.0213820143373e-07	True	metabolism	Metabolism	Global and overview maps	Metabolic pathways	hsa01100	5.0213820143373e-07	True	True	priority_significant_lowest_fdr	Metabolism	Global and overview maps	Metabolic pathways	hsa01100	5.0213820143373e-07	KEGG enrichment: Metabolism / Global and overview maps / Metabolic pathways | FDR=5.02e-07
1918	True	Metabolism	Metabolism of other amino acids	Glutathione metabolism	hsa00480	0.0002226443787633	True	metabolism	Metabolism	Metabolism of other amino acids	Glutathione metabolism	hsa00480	0.0002226443787633	True	True	priority_significant_lowest_fdr	Metabolism	Metabolism of other amino acids	Glutathione metabolism	hsa00480	0.0002226443787633	KEGG enrichment: Metabolism / Metabolism of other amino acids / Glutathione metabolism | FDR=2.23e-04
1969	True	Genetic Information Processing	Folding, sorting and degradation	SNARE interactions in vesicular transport	hsa04130	0.132649831202672	False							False	False	overall_lowest_fdr	Genetic Information Processing	Folding, sorting and degradation	SNARE interactions in vesicular transport	hsa04130	0.132649831202672	KEGG enrichment: Genetic Information Processing / Folding, sorting and degradation / SNARE interactions in vesicular transport | FDR=0.133
1982	True	Metabolism	Global and overview maps	Metabolic pathways	hsa01100	0.0104559966419865	True	metabolism	Metabolism	Global and overview maps	Metabolic pathways	hsa01100	0.0104559966419865	True	True	priority_significant_lowest_fdr	Metabolism	Global and overview maps	Metabolic pathways	hsa01100	0.0104559966419865	KEGG enrichment: Metabolism / Global and overview maps / Metabolic pathways | FDR=0.010
1996	False						False							False	False	unavailable						KEGG enrichment: not available
2198	True	Metabolism	Global and overview maps	Metabolic pathways	hsa01100	0.211956505219868	False							False	False	overall_lowest_fdr	Metabolism	Global and overview maps	Metabolic pathways	hsa01100	0.211956505219868	KEGG enrichment: Metabolism / Global and overview maps / Metabolic pathways | FDR=0.212
2394	False						False							False	False	unavailable						KEGG enrichment: not available
