module	module_size_mapped	n_ts_edges	n_ct_edges	mdc_total	log2_mdc_total	direction_total	directional_fdr_total	significant_total_fdr05	significant_total_fdr10	mdc_ts	log2_mdc_ts	direction_ts	directional_fdr_ts	significant_ts_fdr05	significant_ts_fdr10	mdc_ct	log2_mdc_ct	direction_ct	directional_fdr_ct	significant_ct_fdr05	significant_ct_fdr10	ts_minus_ct_log2_mdc	any_significant_fdr05	any_significant_fdr10
10	424	40677	48999	0.769476	-0.3780517653721465	Higher in Control	0.006657	True	True	0.757007	-0.40162145409697064	Higher in Control	0.008813	True	True	0.78522	-0.3488311753520607	Higher in Control	0.005541	True	True	-0.052790278744909935	True	True
11	465	69888	37992	0.793236	-0.3341779409679709	Higher in Control	0.006657	True	True	0.821442	-0.2837693812657453	Higher in Control	0.008813	True	True	0.663356	-0.5921447726724922	Higher in Control	0.005541	True	True	0.3083753914067469	True	True
18	177	6505	9071	0.817736	-0.2902929399415447	Higher in Control	0.006657	True	True	0.814683	-0.29568929111755904	Higher in Control	0.008813	True	True	0.820484	-0.2854528944155542	Higher in Control	0.005541	True	True	-0.010236396702004824	True	True
21	296	17117	26543	0.99258	-0.010744709556693233	Higher in Control	0.9987	False	False	1.005347	0.007693539985762323	Higher in AD	1.0	False	False	0.981352	-0.02715738701851717	Higher in Control	0.8947	False	False	0.03485092700427949	False	False
28	543	49702	97451	0.733123	-0.44787282749253177	Higher in Control	0.006657	True	True	0.771916	-0.37348423311545026	Higher in Control	0.008813	True	True	0.717632	-0.4786838718375579	Higher in Control	0.005541	True	True	0.10519963872210764	True	True
31	614	62578	125613	0.406224	-1.2996526172962903	Higher in Control	0.006657	True	True	0.42144	-1.2466008441802974	Higher in Control	0.008813	True	True	0.401644	-1.3160107700592334	Higher in Control	0.005541	True	True	0.06940992587893602	True	True
34	549	50083	100343	0.672083	-0.573288682874224	Higher in Control	0.006657	True	True	0.966145	-0.049688368473970596	Higher in Control	0.008813	True	True	0.583402	-0.7774377628419883	Higher in Control	0.005541	True	True	0.7277493943680177	True	True
35	458	34917	69736	0.845644	-0.24187765084139717	Higher in Control	0.006657	True	True	0.946854	-0.07878610817409558	Higher in Control	0.02333	True	True	0.81559	-0.29408400839853865	Higher in Control	0.005541	True	True	0.21529790022444306	True	True
54	376	24107	46393	0.895164	-0.1597760769664984	Higher in Control	0.006657	True	True	1.003343	0.004814885916526004	Higher in AD	1.0	False	False	0.826585	-0.27476491145795545	Higher in Control	0.005541	True	True	0.27957979737448146	True	True
56	114	2140	4301	0.834792	-0.2605113199953039	Higher in Control	0.006657	True	True	0.852426	-0.23035349719259465	Higher in Control	0.02257	True	True	0.829777	-0.26920442616395257	Higher in Control	0.01095	True	True	0.03885092897135792	True	True
60	378	24262	46991	0.728154	-0.457684491248655	Higher in Control	0.006657	True	True	0.729815	-0.454397291727064	Higher in Control	0.008813	True	True	0.727451	-0.45907802135139647	Higher in Control	0.005541	True	True	0.004680729624332469	True	True
68	192	7597	10739	0.988346	-0.016911906216234944	Higher in Control	1.0	False	False	1.077409	0.10756602171078661	Higher in AD	1.0	False	False	0.90296	-0.14726601535377418	Higher in Control	0.03228	True	True	0.2548320370645608	True	True
85	330	18042	36243	0.71413	-0.48574136897545805	Higher in Control	0.006657	True	True	0.727058	-0.4598576372422115	Higher in Control	0.008813	True	True	0.708427	-0.49730889688025837	Higher in Control	0.005541	True	True	0.03745125963804685	True	True
86	401	31674	48526	0.747794	-0.41928719925289076	Higher in Control	0.006657	True	True	0.794071	-0.3326600865513245	Higher in Control	0.008813	True	True	0.711775	-0.4905068335898469	Higher in Control	0.005541	True	True	0.15784674703852242	True	True
88	280	13688	25372	0.585767	-0.771601175615767	Higher in Control	0.006657	True	True	0.619326	-0.6912290816049006	Higher in Control	0.008813	True	True	0.56777	-0.8166214733605452	Higher in Control	0.005541	True	True	0.12539239175564465	True	True
89	92	1382	2804	0.652278	-0.6164411246922931	Higher in Control	0.006657	True	True	0.640845	-0.6419526378439111	Higher in Control	0.008813	True	True	0.65797	-0.6039062887959977	Higher in Control	0.005541	True	True	-0.038046349047913375	True	True
91	167	9425	4436	0.628341	-0.6703803741590438	Higher in Control	0.006657	True	True	0.649072	-0.6235495730859351	Higher in Control	0.008813	True	True	0.51427	-0.9594020985246198	Higher in Control	0.005541	True	True	0.3358525254386847	True	True
92	206	16100	5015	0.733562	-0.4470091885491132	Higher in Control	0.006657	True	True	0.768083	-0.3806658761045571	Higher in Control	0.008813	True	True	0.323388	-1.628661949352511	Higher in Control	0.005541	True	True	1.2479960732479538	True	True
94	198	10558	8945	0.730396	-0.45324923043593557	Higher in Control	0.006657	True	True	0.791024	-0.3382066275524908	Higher in Control	0.008813	True	True	0.536047	-0.8995685947747835	Higher in Control	0.005541	True	True	0.5613619672222927	True	True
96	241	15330	13590	0.809873	-0.30423240495851445	Higher in Control	0.006657	True	True	0.861681	-0.21477422197173995	Higher in Control	0.008813	True	True	0.685442	-0.5448935001483436	Higher in Control	0.005541	True	True	0.33011927817660364	True	True
97	262	20490	13701	0.677253	-0.5622332157985198	Higher in Control	0.006657	True	True	0.74249	-0.4295564993410444	Higher in Control	0.008813	True	True	0.378144	-1.402992366988975	Higher in Control	0.005541	True	True	0.9734358676479307	True	True
99	270	26932	9383	0.851851	-0.23132698880221786	Higher in Control	0.02501	True	True	0.873342	-0.19538137220845142	Higher in Control	1.0	False	False	0.589183	-0.7632122907347808	Higher in Control	0.005541	True	True	0.5678309185263294	True	True
101	251	20527	10848	0.734312	-0.4455349184485118	Higher in Control	0.006657	True	True	0.754886	-0.40566930429420617	Higher in Control	1.0	False	False	0.617599	-0.6952576782532097	Higher in Control	0.005541	True	True	0.28958837395900355	True	True
102	189	6967	10799	0.717375	-0.4792006255948185	Higher in Control	0.006657	True	True	0.959102	-0.06024384161583321	Higher in Control	0.1782	False	False	0.549735	-0.8631917604653266	Higher in Control	0.005541	True	True	0.8029479188494935	True	True
103	165	7543	5987	0.620902	-0.687562516089099	Higher in Control	0.006657	True	True	0.688689	-0.5380754609419828	Higher in Control	0.008813	True	True	0.464983	-1.1047501233205157	Higher in Control	0.005541	True	True	0.5666746623785329	True	True
104	179	7157	8774	0.646179	-0.6299942292858713	Higher in Control	0.006657	True	True	0.685722	-0.544304285995895	Higher in Control	0.008813	True	True	0.555502	-0.848135989060776	Higher in Control	0.005541	True	True	0.30383170306488105	True	True
105	248	15927	14701	0.96753	-0.047621699593911715	Higher in Control	1.0	False	False	1.082797	0.11476279553666473	Higher in AD	1.0	False	False	0.61517	-0.7009429457920252	Higher in Control	0.005541	True	True	0.8157057413286899	True	True
106	219	16000	7871	0.899803	-0.15231891792605165	Higher in Control	0.5894	False	False	0.937764	-0.09270319865905029	Higher in Control	1.0	False	False	0.657584	-0.6047528983639274	Higher in Control	0.005541	True	True	0.5120496997048771	True	True
108	49	388	788	0.993971	-0.008724334414200006	Higher in Control	0.5612	False	False	1.090945	0.1255783700140537	Higher in AD	1.0	False	False	0.933757	-0.09888094164151703	Higher in Control	0.2681	False	False	0.22445931165557073	False	False
110	148	5439	5439	0.781467	-0.35574314289282144	Higher in Control	0.006657	True	True	0.83449	-0.2610333335401718	Higher in Control	0.008813	True	True	0.614299	-0.7029870601061455	Higher in Control	0.005541	True	True	0.44195372656597376	True	True
111	272	13151	23705	0.689344	-0.5367039911398143	Higher in Control	0.006657	True	True	0.757448	-0.40078124619245736	Higher in Control	0.008813	True	True	0.650203	-0.6210378823301211	Higher in Control	0.005541	True	True	0.22025663613766377	True	True
112	198	7288	12215	0.717607	-0.4787341315866672	Higher in Control	0.006657	True	True	0.85819	-0.22063100460794222	Higher in Control	0.008813	True	True	0.608716	-0.7161588075712505	Higher in Control	0.005541	True	True	0.4955278029633083	True	True
113	296	14537	29123	0.75116	-0.41280785476322873	Higher in Control	0.006657	True	True	0.856353	-0.22372247773427523	Higher in Control	0.008813	True	True	0.717389	-0.4791724708173455	Higher in Control	0.005541	True	True	0.25544999308307026	True	True
115	339	19509	37782	0.767602	-0.3815696243828305	Higher in Control	0.006657	True	True	0.868445	-0.20349361122494744	Higher in Control	0.008813	True	True	0.730685	-0.45267850386806646	Higher in Control	0.005541	True	True	0.24918489264311902	True	True
116	344	20516	38480	0.787781	-0.34413347298025426	Higher in Control	0.006657	True	True	0.866762	-0.2062921897405935	Higher in Control	0.008813	True	True	0.766256	-0.3841016293317668	Higher in Control	0.005541	True	True	0.1778094395911733	True	True
117	231	8797	17768	0.70865	-0.49685483404983505	Higher in Control	0.006657	True	True	0.875644	-0.19158364495174535	Higher in Control	0.008813	True	True	0.650522	-0.6203302466234644	Higher in Control	0.005541	True	True	0.428746601671719	True	True
119	451	70869	30606	0.853161	-0.2291100766919774	Higher in Control	0.006657	True	True	0.905646	-0.14298085680760997	Higher in Control	0.008813	True	True	0.449644	-1.1531448772203308	Higher in Control	0.005541	True	True	1.010164020412721	True	True
121	519	45933	88488	0.749405	-0.4161824915849737	Higher in Control	0.006657	True	True	0.87967	-0.18496568324262294	Higher in Control	0.008813	True	True	0.701084	-0.51234078456986	Higher in Control	0.005541	True	True	0.327375101327237	True	True
122	352	20631	41145	0.607143	-0.719891741349648	Higher in Control	0.006657	True	True	0.895485	-0.15925882862459986	Higher in Control	0.008813	True	True	0.491069	-1.0260023433333347	Higher in Control	0.005541	True	True	0.8667435147087349	True	True
124	94	2235	2136	0.850467	-0.23367283767007585	Higher in Control	0.006657	True	True	0.897453	-0.1560917085337603	Higher in Control	0.03856	True	True	0.60686	-0.7205643635819937	Higher in Control	0.005541	True	True	0.5644726550482334	True	True
354	69	1735	611	0.940735	-0.08813971415321777	Higher in Control	0.7973	False	False	0.982647	-0.02525485005316375	Higher in Control	1.0	False	False	0.46491	-1.104976636990801	Higher in Control	0.005541	True	True	1.0797217869376372	True	True
355	31	435	30	1.084515	0.11705000716044733	Higher in AD	1.0	False	False	1.092943	0.1282181624355736	Higher in AD	1.0	False	False	0.268689	-1.8959908355768238	Higher in Control	0.005541	True	True	2.0242089980123974	True	True
356	62	1891	0	0.999089	-0.0013148942075410128	Higher in Control	1.0	False	False	0.999089	-0.0013148942075410128	Higher in Control	1.0	False	False			Not available		False	False		False	False
416	36	346	284	0.882734	-0.1799493282424465	Higher in Control	0.4867	False	False	0.918112	-0.12325793690346785	Higher in Control	1.0	False	False	0.325641	-1.618645740575484	Higher in Control	0.005541	True	True	1.495387803672016	True	True
417	31	162	303	0.435835	-1.198146037261244	Higher in Control	0.006657	True	True	0.642236	-0.6388245584972988	Higher in Control	0.05784	False	True	0.299845	-1.737711179230064	Higher in Control	0.005541	True	True	1.098886620732765	True	True
418	49	406	770	0.700261	-0.5140353539373764	Higher in Control	0.006657	True	True	0.966754	-0.0487792663336372	Higher in Control	0.5414	False	False	0.5548	-0.8499603072258468	Higher in Control	0.005541	True	True	0.8011810408922097	True	True
419	70	788	1627	0.56779	-0.816570654556042	Higher in Control	0.006657	True	True	0.724338	-0.4652650313719977	Higher in Control	0.008813	True	True	0.493534	-1.0187786182264675	Higher in Control	0.005541	True	True	0.5535135868544698	True	True
421	45	658	332	0.788693	-0.34246425671145453	Higher in Control	0.03126	True	True	0.967178	-0.048146666317568546	Higher in Control	0.5502	False	False	0.452138	-1.1451649206330115	Higher in Control	0.005541	True	True	1.097018254315443	True	True
422	43	551	352	0.749429	-0.4161362894291855	Higher in Control	0.01285	True	True	0.907372	-0.14023395369595773	Higher in Control	0.2229	False	False	0.603128	-0.7294638815374439	Higher in Control	0.005541	True	True	0.5892299278414862	True	True
424	58	966	687	0.737748	-0.43879999030292693	Higher in Control	0.006657	True	True	0.868927	-0.20269311596250622	Higher in Control	0.1052	False	False	0.593149	-0.7535335372333121	Higher in Control	0.005541	True	True	0.5508404212708058	True	True
425	74	1638	1063	0.76578	-0.3849981133067652	Higher in Control	0.006657	True	True	0.955692	-0.06538235290244375	Higher in Control	0.3395	False	False	0.402021	-1.3146572307852549	Higher in Control	0.005541	True	True	1.249274877882811	True	True
433	74	1216	1485	0.753	-0.4092782299901589	Higher in Control	0.006657	True	True	0.816007	-0.2933465666832749	Higher in Control	0.008813	True	True	0.720391	-0.47314793743061817	Higher in Control	0.005541	True	True	0.17980137074734326	True	True
435	126	3636	4239	0.708822	-0.4965047127800664	Higher in Control	0.006657	True	True	0.87677	-0.1897296597181172	Higher in Control	0.02333	True	True	0.654821	-0.6108275053446147	Higher in Control	0.005541	True	True	0.42109784562649755	True	True
436	30	154	281	0.610414	-0.7121400437585778	Higher in Control	0.006657	True	True	0.850642	-0.23337600585853846	Higher in Control	0.2229	False	False	0.538242	-0.8936731234044659	Higher in Control	0.005541	True	True	0.6602971175459275	True	True
442	52	494	832	0.557357	-0.8433263918351737	Higher in Control	0.006657	True	True	0.84644	-0.24052028875150047	Higher in Control	0.07344	False	True	0.458774	-1.1241444627619224	Higher in Control	0.005541	True	True	0.8836241740104219	True	True
447	262	28791	5400	0.911699	-0.13337050172985765	Higher in Control	0.006657	True	True	0.929534	-0.10542045864600837	Higher in Control	0.01623	True	True	0.333602	-1.583800156879868	Higher in Control	0.005541	True	True	1.4783796982338597	True	True
450	354	46936	15545	0.799063	-0.32361884179105666	Higher in Control	0.006657	True	True	0.821239	-0.28412595335100255	Higher in Control	0.008813	True	True	0.412842	-1.2763383457603428	Higher in Control	0.005541	True	True	0.9922123924093402	True	True
452	85	2466	1104	0.900828	-0.15067642418176191	Higher in Control	0.09871	False	True	0.943385	-0.08408143296161186	Higher in Control	0.3569	False	False	0.384709	-1.3781605140090392	Higher in Control	0.005541	True	True	1.2940790810474274	True	True
456	239	10593	17848	0.693594	-0.5278366764425014	Higher in Control	0.006657	True	True	0.787016	-0.3455351289309497	Higher in Control	0.008813	True	True	0.640598	-0.642508800981113	Higher in Control	0.005541	True	True	0.2969736720501633	True	True
457	179	5501	10430	1.129947	0.17625510482596907	Higher in AD	0.2313	False	False	1.372318	0.4566148283503087	Higher in AD	0.1851	False	False	1.017564	0.025119536092422567	Higher in AD	1.0	False	False	0.43149529225788613	False	False
461	87	1561	2180	0.836568	-0.2574452811323587	Higher in Control	0.01285	True	True	0.955305	-0.06596667929171235	Higher in Control	0.2003	False	False	0.582489	-0.7796972894042106	Higher in Control	0.005541	True	True	0.7137306101124983	True	True
462	185	5614	11406	0.636813	-0.6510583073033883	Higher in Control	0.006657	True	True	0.93923	-0.09044960449731754	Higher in Control	0.05182	False	True	0.518727	-0.9469526302326068	Higher in Control	0.005541	True	True	0.8565030257352892	True	True
463	102	1920	3231	0.828427	-0.27155352040749253	Higher in Control	0.006657	True	True	0.874611	-0.19328660154981853	Higher in Control	0.02333	True	True	0.758773	-0.39825975174569483	Higher in Control	0.005541	True	True	0.2049731501958763	True	True
468	214	7752	15039	1.079592	0.11048619128838263	Higher in AD	0.6478	False	False	1.162984	0.2178312487634624	Higher in AD	0.7403	False	False	1.050803	0.07149222442596424	Higher in AD	1.0	False	False	0.14633902433749818	False	False
469	250	10946	20179	0.959443	-0.05973099566838481	Higher in Control	0.4167	False	False	1.115562	0.1577706970037227	Higher in AD	1.0	False	False	0.882708	-0.1799918219307872	Higher in Control	0.005541	True	True	0.3377625189345099	True	True
470	54	471	960	1.0168	0.024035935455509406	Higher in AD	1.0	False	False	1.119432	0.16276689420894191	Higher in AD	1.0	False	False	0.964418	-0.05226951708214207	Higher in Control	0.4291	False	False	0.21503641129108397	False	False
474	59	561	1150	0.96855	-0.046101567080943734	Higher in Control	0.481	False	False	1.068438	0.09550319280097029	Higher in AD	1.0	False	False	0.943276	-0.08424813356085241	Higher in Control	0.3451	False	False	0.1797513263618227	False	False
484	99	2565	2286	0.723695	-0.46654629080774745	Higher in Control	0.006657	True	True	0.8302	-0.26846916294584156	Higher in Control	0.008813	True	True	0.383396	-1.38309280955127	Higher in Control	0.005541	True	True	1.1146236466054285	True	True
486	47	389	692	0.689828	-0.5356914061562801	Higher in Control	0.006657	True	True	0.777058	-0.36390580875183787	Higher in Control	0.02333	True	True	0.61459	-0.7023038018708685	Higher in Control	0.005541	True	True	0.3383979931190306	True	True
487	88	1505	2323	0.753013	-0.40925332311945845	Higher in Control	0.006657	True	True	0.743967	-0.4266894654790877	Higher in Control	0.008813	True	True	0.75968	-0.396536254794905	Higher in Control	0.005541	True	True	-0.030153210684182696	True	True
488	51	565	710	0.705764	-0.5027422526785743	Higher in Control	0.006657	True	True	0.717002	-0.4799509517118454	Higher in Control	0.008813	True	True	0.691733	-0.531712811226784	Higher in Control	0.005541	True	True	0.05176185951493867	True	True
489	72	880	1676	0.667574	-0.5830003277265539	Higher in Control	0.006657	True	True	0.843061	-0.24629107319376337	Higher in Control	0.01623	True	True	0.447307	-1.1606627593343295	Higher in Control	0.005541	True	True	0.9143716861405662	True	True
492	200	6872	13028	0.736966	-0.44033003291148654	Higher in Control	0.006657	True	True	0.755786	-0.4039503001815761	Higher in Control	0.008813	True	True	0.727379	-0.45922082022553123	Higher in Control	0.005541	True	True	0.05527052004395511	True	True
494	368	22989	44539	0.672331	-0.5727564236531822	Higher in Control	0.006657	True	True	0.689367	-0.5366558563444241	Higher in Control	0.008813	True	True	0.666489	-0.585347030190381	Higher in Control	0.005541	True	True	0.04869117384595689	True	True
495	244	10163	19483	0.785067	-0.3491123116563855	Higher in Control	0.006657	True	True	0.90343	-0.14651527306166792	Higher in Control	0.01623	True	True	0.740798	-0.4328478912594841	Higher in Control	0.005541	True	True	0.2863326181978162	True	True
682	565	116358	42972	0.804015	-0.3147056777819815	Higher in Control	0.006657	True	True	0.843357	-0.24578462967087814	Higher in Control	0.008813	True	True	0.378429	-1.4019054444947756	Higher in Control	0.005541	True	True	1.1561208148238975	True	True
691	382	45750	27021	0.774112	-0.36938578154735224	Higher in Control	0.006657	True	True	0.855398	-0.22533226082422042	Higher in Control	0.008813	True	True	0.384273	-1.3797964823548026	Higher in Control	0.005541	True	True	1.1544642215305823	True	True
693	490	76666	43139	0.649435	-0.6227429570053366	Higher in Control	0.006657	True	True	0.702591	-0.5092429987405852	Higher in Control	0.008813	True	True	0.264126	-1.9207017705697973	Higher in Control	0.005541	True	True	1.4114587718292122	True	True
724	603	130341	51162	0.908387	-0.13862103522051555	Higher in Control	0.006657	True	True	0.926684	-0.10985063236211894	Higher in Control	0.008813	True	True	0.592421	-0.7553053130403468	Higher in Control	0.005541	True	True	0.6454546806782279	True	True
728	661	143496	74634	1.134387	0.1819129045950413	Higher in AD	0.2313	False	False	1.179487	0.23815951765419807	Higher in AD	1.0	False	False	0.590237	-0.7606337335153086	Higher in Control	0.005541	True	True	0.9987932511695067	True	True
729	572	100497	62809	0.930259	-0.10429565179102218	Higher in Control	0.01285	True	True	0.966858	-0.04862407461534302	Higher in Control	0.01623	True	True	0.610907	-0.7109753234372387	Higher in Control	0.005541	True	True	0.6623512488218957	True	True
732	124	3937	3689	0.804818	-0.3132655230685532	Higher in Control	0.006657	True	True	0.979097	-0.030476298912653906	Higher in Control	0.5042	False	False	0.34901	-1.5186597210778703	Higher in Control	0.005541	True	True	1.4881834221652164	True	True
733	161	4536	8344	0.601833	-0.7325648794905106	Higher in Control	0.006657	True	True	0.818545	-0.2888663629866333	Higher in Control	0.008813	True	True	0.448429	-1.157048514328065	Higher in Control	0.005541	True	True	0.8681821513414318	True	True
734	170	5854	8511	0.878406	-0.18704018610358356	Higher in Control	0.01901	True	True	1.177688	0.2359573825709047	Higher in AD	0.5141	False	False	0.486226	-1.0403010541160398	Higher in Control	0.005541	True	True	1.2762584366869445	True	True
738	391	26769	49476	0.550973	-0.8599464724983945	Higher in Control	0.006657	True	True	0.815888	-0.2935569732476313	Higher in Control	0.008813	True	True	0.380955	-1.392307504284449	Higher in Control	0.005541	True	True	1.0987505310368177	True	True
739	419	29131	58440	0.504309	-0.9876201227360729	Higher in Control	0.006657	True	True	0.630906	-0.6645030238094882	Higher in Control	0.008813	True	True	0.460636	-1.1183009286721337	Higher in Control	0.005541	True	True	0.4537979048626455	True	True
740	524	46182	90844	0.45091	-1.1490885893687224	Higher in Control	0.006657	True	True	0.718755	-0.4764280078384803	Higher in Control	0.008813	True	True	0.357028	-1.4858908725178837	Higher in Control	0.005541	True	True	1.0094628646794033	True	True
745	795	106144	209471	0.760264	-0.395427616653842	Higher in Control	0.006657	True	True	0.924185	-0.11374642087872762	Higher in Control	0.008813	True	True	0.728106	-0.4577795970154654	Higher in Control	0.005541	True	True	0.3440331761367378	True	True
746	908	139614	272164	0.856172	-0.2240274400599326	Higher in Control	0.006657	True	True	1.005038	0.007250050036180481	Higher in AD	1.0	False	False	0.817473	-0.2907570137070701	Higher in Control	0.005541	True	True	0.29800706374325053	True	True
747	444	32671	65675	1.196425	0.25872996184137986	Higher in AD	0.2313	False	False	1.341415	0.4237556397913928	Higher in AD	0.1851	False	False	1.163787	0.21882703576942628	Higher in AD	0.4627	False	False	0.20492860402196653	False	False
750	449	33573	67003	0.582774	-0.7789915807447029	Higher in Control	0.006657	True	True	0.800782	-0.32051854928812407	Higher in Control	0.008813	True	True	0.523511	-0.9337082435407873	Higher in Control	0.005541	True	True	0.6131896942526632	True	True
751	706	83817	165048	0.980039	-0.02908893342781896	Higher in Control	0.5635	False	False	1.057825	0.08110097668192581	Higher in AD	1.0	False	False	0.957694	-0.062363331621991425	Higher in Control	0.09628	False	True	0.14346430830391724	False	True
752	867	125248	250163	0.691079	-0.5330774546158938	Higher in Control	0.006657	True	True	0.879172	-0.1857826550337925	Higher in Control	0.008813	True	True	0.648946	-0.6238296609980024	Higher in Control	0.005541	True	True	0.4380470059642099	True	True
755	52	565	761	0.624082	-0.6801924933302043	Higher in Control	0.006657	True	True	0.700233	-0.5140930413835922	Higher in Control	0.0153	True	True	0.384083	-1.3805099851148668	Higher in Control	0.005541	True	True	0.8664169437312745	True	True
757	1002	167106	334395	0.769784	-0.3774744099175461	Higher in Control	0.006657	True	True	0.86245	-0.21348727502859915	Higher in Control	0.008813	True	True	0.751124	-0.41287699884182105	Higher in Control	0.005541	True	True	0.1993897238132219	True	True
763	992	168767	322769	0.87369	-0.19480661698831842	Higher in Control	0.006657	True	True	1.10164	0.13965284907530418	Higher in AD	0.2644	False	False	0.828131	-0.27206909274078606	Higher in Control	0.005541	True	True	0.41172194181609023	True	True
768	297	15060	28896	0.900809	-0.15070685340338413	Higher in Control	0.006657	True	True	1.176957	0.23506161262785957	Higher in AD	0.2644	False	False	0.814855	-0.2953847341843002	Higher in Control	0.005541	True	True	0.5304463468121599	True	True
771	1162	229786	444755	0.814462	-0.2960807057626548	Higher in Control	0.006657	True	True	0.898312	-0.15471148881164087	Higher in Control	0.008813	True	True	0.794208	-0.3324112017885189	Higher in Control	0.005541	True	True	0.17769971297687803	True	True
772	666	75846	145599	1.037163	0.05264264517518938	Higher in AD	0.7711	False	False	1.234857	0.304343983238483	Higher in AD	0.1851	False	False	0.995963	-0.005835947682387737	Higher in Control	0.7169	False	False	0.3101799309208707	False	False
787	340	20126	37504	0.529836	-0.9163822231371938	Higher in Control	0.006657	True	True	0.740693	-0.4330523919679553	Higher in Control	0.008813	True	True	0.463577	-1.1091191049214841	Higher in Control	0.005541	True	True	0.6760667129535288	True	True
788	361	24054	40926	0.573562	-0.8019786500448574	Higher in Control	0.006657	True	True	0.78451	-0.35013625781704905	Higher in Control	0.008813	True	True	0.493283	-1.0195125262622475	Higher in Control	0.005541	True	True	0.6693762684451985	True	True
792	270	12094	24221	0.58507	-0.7733188503429647	Higher in Control	0.006657	True	True	0.77661	-0.3647378106933484	Higher in Control	0.008813	True	True	0.512281	-0.9649927102471363	Higher in Control	0.005541	True	True	0.600254899553788	True	True
794	105	2560	2900	0.544015	-0.8782816637660354	Higher in Control	0.006657	True	True	0.588609	-0.7646184932205036	Higher in Control	0.008813	True	True	0.469922	-1.0895067839520576	Higher in Control	0.005541	True	True	0.324888290731554	True	True
795	316	16549	33221	0.672134	-0.5731792103007917	Higher in Control	0.006657	True	True	0.780121	-0.3582301855774959	Higher in Control	0.008813	True	True	0.643985	-0.6349010100841793	Higher in Control	0.005541	True	True	0.2766708245066834	True	True
798	81	1600	1640	0.662479	-0.5940533717596971	Higher in Control	0.006657	True	True	0.795691	-0.32971981401340517	Higher in Control	0.4853	False	False	0.473778	-1.077716886659153	Higher in Control	0.005541	True	True	0.7479970726457479	True	True
799	40	537	243	0.537303	-0.8961922016161272	Higher in Control	0.006657	True	True	0.562943	-0.8289392432397877	Higher in Control	0.07891	False	True	0.394536	-1.3417711478758374	Higher in Control	0.005541	True	True	0.5128319046360497	True	True
802	128	3297	4831	0.663218	-0.5924449322057874	Higher in Control	0.006657	True	True	0.806575	-0.31011940515519637	Higher in Control	0.008813	True	True	0.54331	-0.8801524938239398	Higher in Control	0.005541	True	True	0.5700330886687435	True	True
805	296	15297	28363	0.527521	-0.9226995679058059	Higher in Control	0.006657	True	True	0.64707	-0.6280063035502725	Higher in Control	0.008813	True	True	0.491188	-1.0256527796026496	Higher in Control	0.005541	True	True	0.397646476052377	True	True
807	380	23907	48103	0.567978	-0.8160930452728712	Higher in Control	0.006657	True	True	0.740899	-0.43265120840279275	Higher in Control	0.008813	True	True	0.526589	-0.9252507098710288	Higher in Control	0.005541	True	True	0.492599501468236	True	True
808	48	423	705	0.566955	-0.8186938638701536	Higher in Control	0.006657	True	True	0.607252	-0.7196327584653653	Higher in Control	0.008813	True	True	0.549066	-0.8649485173332477	Higher in Control	0.005541	True	True	0.1453157588678824	True	True
809	41	274	546	0.558061	-0.8415052674788339	Higher in Control	0.006657	True	True	0.59491	-0.7492566657519835	Higher in Control	0.01623	True	True	0.551963	-0.8573565335099814	Higher in Control	0.005541	True	True	0.10809986775799796	True	True
856	253	23447	8431	1.106629	0.14617163623837928	Higher in AD	0.4627	False	False	1.169763	0.22621626197996392	Higher in AD	0.347	False	False	0.519736	-0.9441491027995819	Higher in Control	0.005541	True	True	1.1703653647795458	True	True
867	248	28248	2380	1.210064	0.275083353318756	Higher in AD	0.2313	False	False	1.214511	0.2803755567284775	Higher in AD	0.1851	False	False	0.859369	-0.2186503591449704	Higher in Control	0.01633	True	True	0.4990259158734479	True	True
881	221	19680	4630	1.075724	0.10530797110252356	Higher in AD	0.6169	False	False	1.111156	0.15206137714737908	Higher in AD	1.0	False	False	0.682223	-0.551684701081462	Higher in Control	0.005541	True	True	0.703746078228841	True	True
884	45	786	204	1.209322	0.2741984347866142	Higher in AD	0.5784	False	False	1.253908	0.32643150060182746	Higher in AD	1.0	False	False	0.390406	-1.3569528695897182	Higher in Control	0.005541	True	True	1.6833843701915456	True	True
901	285	30844	9626	0.933788	-0.0988330460927922	Higher in Control	1.0	False	False	0.968667	-0.0459273012965849	Higher in Control	1.0	False	False	0.488741	-1.0328579589633675	Higher in Control	0.005541	True	True	0.9869306576667827	True	True
902	167	11674	2187	1.113228	0.15474910101996417	Higher in AD	0.5288	False	False	1.124354	0.16909633594809717	Higher in AD	1.0	False	False	0.485662	-1.0419754859320531	Higher in Control	0.005541	True	True	1.2110718218801504	True	True
904	154	9776	2005	1.040677	0.057522361810625706	Higher in AD	1.0	False	False	1.06097	0.08538386316773347	Higher in AD	1.0	False	False	0.558791	-0.8396193102887531	Higher in Control	0.005541	True	True	0.9250031734564866	True	True
905	106	4674	891	1.016076	0.023008316206951814	Higher in AD	1.0	False	False	1.021395	0.03054090180457579	Higher in AD	1.0	False	False	0.695205	-0.5244896366572813	Higher in Control	0.005541	True	True	0.5550305384618571	True	True
906	206	15611	5504	1.037427	0.053009822779294904	Higher in AD	1.0	False	False	1.068186	0.09516288102689148	Higher in AD	1.0	False	False	0.671267	-0.5750413747239396	Higher in Control	0.005541	True	True	0.6702042557508311	True	True
913	119	4062	2959	0.999712	-0.00041555601471481224	Higher in Control	1.0	False	False	1.093779	0.1293212684663756	Higher in AD	1.0	False	False	0.563594	-0.8272718420338542	Higher in Control	0.005541	True	True	0.9565931105002298	True	True
914	140	5543	4187	1.026015	0.03705182282354837	Higher in AD	1.0	False	False	1.106247	0.1456735427969989	Higher in AD	1.0	False	False	0.721643	-0.47064278894584416	Higher in Control	0.005541	True	True	0.6163163317428431	True	True
916	145	4696	5744	0.844767	-0.24337461656674822	Higher in Control	0.006657	True	True	1.023044	0.03286819514844938	Higher in AD	1.0	False	False	0.643602	-0.6357592856289885	Higher in Control	0.005541	True	True	0.6686274807774379	True	True
918	244	10503	19143	0.705975	-0.5023109992303174	Higher in Control	0.006657	True	True	0.916971	-0.12505198682249913	Higher in Control	0.02333	True	True	0.632457	-0.6609606988678983	Higher in Control	0.005541	True	True	0.5359087120453991	True	True
921	104	2895	2461	0.899543	-0.15273584798090692	Higher in Control	0.03726	True	True	1.014966	0.02143139987058657	Higher in AD	1.0	False	False	0.571855	-0.806278712394146	Higher in Control	0.005541	True	True	0.8277101122647326	True	True
923	228	8602	17276	0.433969	-1.2043361055439052	Higher in Control	0.006657	True	True	0.697002	-0.5207652990720828	Higher in Control	0.008813	True	True	0.349662	-1.5159670772057408	Higher in Control	0.005541	True	True	0.995201778133658	True	True
924	259	11056	22355	0.588565	-0.7647263423266318	Higher in Control	0.006657	True	True	0.853717	-0.2281701870559224	Higher in Control	0.008813	True	True	0.494333	-1.0164448757509508	Higher in Control	0.005541	True	True	0.7882746886950284	True	True
925	215	9654	13351	0.721747	-0.47043488909270387	Higher in Control	0.006657	True	True	0.933026	-0.10001081065017345	Higher in Control	0.3675	False	False	0.498185	-1.005246511187776	Higher in Control	0.005541	True	True	0.9052357005376025	True	True
930	41	486	334	1.186435	0.24663306324033685	Higher in AD	1.0	False	False	1.233544	0.302809176886239	Higher in AD	1.0	False	False	0.810974	-0.3022724328151558	Higher in Control	0.06994	False	True	0.6050816097013948	False	True
932	76	926	1924	1.018413	0.02632274041222613	Higher in AD	1.0	False	False	1.209553	0.27447398648354654	Higher in AD	1.0	False	False	0.886438	-0.17390836643745883	Higher in Control	0.06494	False	True	0.44838235292100537	False	True
933	91	3497	598	1.062112	0.08693590674927489	Higher in AD	1.0	False	False	1.065023	0.09088458690899387	Higher in AD	1.0	False	False	0.902052	-0.14871749291472589	Higher in Control	0.5251	False	False	0.23960207982371975	False	False
935	527	47195	91406	0.992294	-0.011160464697371964	Higher in Control	0.4886	False	False	0.99744	-0.003698034811443795	Higher in Control	0.1402	False	False	0.990629	-0.013583239366491095	Higher in Control	0.8534	False	False	0.0098852045550473	False	False
937	431	31957	60708	0.810285	-0.30349866124998875	Higher in Control	0.006657	True	True	0.932461	-0.10088470869719937	Higher in Control	0.008813	True	True	0.773096	-0.37128052145592294	Higher in Control	0.005541	True	True	0.2703958127587236	True	True
938	754	94512	189369	0.639908	-0.6440635920942513	Higher in Control	0.006657	True	True	0.719524	-0.47488528547076037	Higher in Control	0.008813	True	True	0.623426	-0.6817097710295146	Higher in Control	0.005541	True	True	0.2068244855587542	True	True
947	164	4445	8921	0.842163	-0.24782860205561183	Higher in Control	0.006657	True	True	0.938945	-0.09088744238761974	Higher in Control	0.07952	False	True	0.810484	-0.3031443895251723	Higher in Control	0.005541	True	True	0.21225694713755255	True	True
951	513	43642	87686	1.073611	0.10247135828649331	Higher in AD	0.4627	False	False	1.098864	0.1360128433692827	Higher in AD	1.0	False	False	1.068504	0.09559230881135222	Higher in AD	0.6169	False	False	0.04042053455793049	False	False
954	534	47502	94809	0.751489	-0.4121761081929561	Higher in Control	0.006657	True	True	0.797293	-0.32681809216980967	Higher in Control	0.008813	True	True	0.740621	-0.4331926377808294	Higher in Control	0.005541	True	True	0.10637454561101972	True	True
958	565	53526	105804	0.855122	-0.22579783133463935	Higher in Control	0.006657	True	True	0.863214	-0.21220983158276752	Higher in Control	0.008813	True	True	0.853025	-0.22934007099034381	Higher in Control	0.005541	True	True	0.017130239407576298	True	True
959	743	95649	180004	0.924043	-0.11396810640260178	Higher in Control	0.006657	True	True	1.041839	0.05913234877974489	Higher in AD	1.0	False	False	0.88884	-0.17000435185171758	Higher in Control	0.005541	True	True	0.22913670063146246	True	True
960	387	30204	44487	0.85549	-0.22517710403559407	Higher in Control	0.006657	True	True	0.99397	-0.008725785860737837	Higher in Control	0.1739	False	False	0.813784	-0.29728217936585216	Higher in Control	0.005541	True	True	0.2885563935051143	True	True
962	105	3444	2016	0.72658	-0.4608064405266613	Higher in Control	0.006657	True	True	0.79333	-0.33400698894454145	Higher in Control	1.0	False	False	0.692847	-0.5293912947779761	Higher in Control	0.005541	True	True	0.19538430583343463	True	True
1053	155	5751	6184	0.551244	-0.8592370471058284	Higher in Control	0.006657	True	True	0.666081	-0.5862304653496232	Higher in Control	0.008813	True	True	0.31816	-1.6521756276316004	Higher in Control	0.005541	True	True	1.0659451622819773	True	True
1056	195	9601	9314	0.612626	-0.7069214983143777	Higher in Control	0.006657	True	True	0.78513	-0.3489965430138205	Higher in Control	0.008813	True	True	0.29663	-1.753263581172618	Higher in Control	0.005541	True	True	1.4042670381587976	True	True
1058	153	4477	7151	0.494806	-1.0150651003981344	Higher in Control	0.006657	True	True	0.607474	-0.7191054324632166	Higher in Control	0.008813	True	True	0.420627	-1.2493866354123198	Higher in Control	0.005541	True	True	0.5302812029491032	True	True
1059	63	1513	440	0.799548	-0.32274344794439935	Higher in Control	0.01285	True	True	0.853137	-0.22915066125690509	Higher in Control	0.05182	False	True	0.334199	-1.5812206783560032	Higher in Control	0.005541	True	True	1.352070017099098	True	True
1060	174	6223	8828	0.644577	-0.6335753842713788	Higher in Control	0.006657	True	True	0.830502	-0.26794445242324194	Higher in Control	0.008813	True	True	0.43622	-1.19687217809679	Higher in Control	0.005541	True	True	0.928927725673548	True	True
1063	235	14464	13031	0.944156	-0.08290284352870703	Higher in Control	0.9987	False	False	0.991025	-0.013006643004263541	Higher in Control	1.0	False	False	0.805418	-0.31219037996580945	Higher in Control	0.005541	True	True	0.29918373696154593	True	True
1064	178	5416	10337	0.87048	-0.20011694374537578	Higher in Control	0.006657	True	True	0.868966	-0.20262836501799567	Higher in Control	0.008813	True	True	0.871015	-0.1992305307827698	Higher in Control	0.01095	True	True	-0.003397834235225855	True	True
1065	228	9649	16229	1.001377	0.0019852245576671293	Higher in AD	1.0	False	False	1.045319	0.06394327674469731	Higher in AD	1.0	False	False	0.974145	-0.03779156363591345	Higher in Control	0.548	False	False	0.10173484038061076	False	False
1067	478	40044	73959	0.805782	-0.31153851675352306	Higher in Control	0.006657	True	True	0.842567	-0.2471366825104132	Higher in Control	0.008813	True	True	0.796494	-0.32826460093696397	Higher in Control	0.005541	True	True	0.08112791842655076	True	True
1070	96	3525	1035	1.012762	0.01829517931013096	Higher in AD	1.0	False	False	1.052808	0.07424235687241479	Higher in AD	1.0	False	False	0.35438	-1.4966309094905101	Higher in Control	0.005541	True	True	1.570873266362925	True	True
1072	112	2467	3749	0.823034	-0.28097606446135925	Higher in Control	0.006657	True	True	0.979758	-0.029502647000467435	Higher in Control	0.2744	False	False	0.634017	-0.6574065707894228	Higher in Control	0.005541	True	True	0.6279039237889553	True	True
1073	117	3322	3464	0.623965	-0.6804629884642474	Higher in Control	0.006657	True	True	0.706819	-0.5005872733943333	Higher in Control	0.008813	True	True	0.496403	-1.0104162604987779	Higher in Control	0.005541	True	True	0.5098289871044446	True	True
1074	417	29136	57600	0.646963	-0.6282448884545633	Higher in Control	0.006657	True	True	0.648442	-0.6249505567318691	Higher in Control	0.008813	True	True	0.646542	-0.6291840029282779	Higher in Control	0.005541	True	True	0.004233446196408863	True	True
1075	696	81088	160772	0.602768	-0.7303252663171417	Higher in Control	0.006657	True	True	0.643947	-0.6349861425470262	Higher in Control	0.008813	True	True	0.595152	-0.7486699195073215	Higher in Control	0.005541	True	True	0.1136837769602953	True	True
1077	313	17238	31590	0.563171	-0.8283550493236881	Higher in Control	0.006657	True	True	0.687152	-0.5412988322476606	Higher in Control	0.008813	True	True	0.524605	-0.930696536920705	Higher in Control	0.005541	True	True	0.38939770467304435	True	True
1078	86	1520	2135	0.600036	-0.7368790350605	Higher in Control	0.006657	True	True	0.741689	-0.4311137223443994	Higher in Control	0.02961	True	True	0.569204	-0.8129822946535241	Higher in Control	0.005541	True	True	0.38186857230912474	True	True
1085	419	29197	58374	0.761348	-0.39337205756402255	Higher in Control	0.006657	True	True	0.755043	-0.4053692860519763	Higher in Control	0.008813	True	True	0.763036	-0.3901769699425503	Higher in Control	0.005541	True	True	-0.015192316109426007	True	True
1086	35	191	404	0.58605	-0.7709043386446203	Higher in Control	0.006657	True	True	0.560632	-0.8348740013843567	Higher in Control	0.01623	True	True	0.592916	-0.754100366115121	Higher in Control	0.005541	True	True	-0.08077363526923576	True	True
1088	586	57534	113871	0.768728	-0.3794548770213764	Higher in Control	0.006657	True	True	0.797201	-0.32698457500876554	Higher in Control	0.008813	True	True	0.76206	-0.3920235036061782	Higher in Control	0.005541	True	True	0.06503892859741267	True	True
1091	155	4693	7242	0.68371	-0.5485435684295991	Higher in Control	0.006657	True	True	0.831657	-0.26593945405614955	Higher in Control	0.08477	False	True	0.572896	-0.8036548300799143	Higher in Control	0.005541	True	True	0.5377153760237647	True	True
1095	486	39424	78431	0.628623	-0.6697330365927229	Higher in Control	0.006657	True	True	0.724468	-0.46500612803253216	Higher in Control	0.008813	True	True	0.610475	-0.7119958793053516	Higher in Control	0.005541	True	True	0.2469897512728194	True	True
1096	30	166	269	0.501022	-0.9970541409797544	Higher in Control	0.006657	True	True	0.579814	-0.7863379262229151	Higher in Control	0.145	False	False	0.48634	-1.0399628411095918	Higher in Control	0.005541	True	True	0.2536249148866767	True	True
1097	492	40423	80363	0.531193	-0.9126919597458731	Higher in Control	0.006657	True	True	0.630939	-0.6644275645631302	Higher in Control	0.008813	True	True	0.511482	-0.9672446251370335	Higher in Control	0.005541	True	True	0.30281706057390323	True	True
1106	397	26790	51816	0.572139	-0.8055624054903868	Higher in Control	0.006657	True	True	0.71619	-0.48158572011489054	Higher in Control	0.008813	True	True	0.542583	-0.8820842485206384	Higher in Control	0.005541	True	True	0.40049852840574784	True	True
1110	460	35729	69841	0.455305	-1.1350947922717474	Higher in Control	0.006657	True	True	0.562625	-0.8297544352765355	Higher in Control	0.008813	True	True	0.427721	-1.2252580533216917	Higher in Control	0.005541	True	True	0.3955036180451562	True	True
1112	473	40964	70664	0.417095	-1.2615520771182451	Higher in Control	0.006657	True	True	0.573778	-0.8014354420463329	Higher in Control	0.008813	True	True	0.35772	-1.4830973137244867	Higher in Control	0.005541	True	True	0.6816618716781538	True	True
1115	279	12910	25871	0.59859	-0.7403599174060361	Higher in Control	0.006657	True	True	0.872245	-0.1971946724543899	Higher in Control	0.008813	True	True	0.437828	-1.1915638741066692	Higher in Control	0.005541	True	True	0.9943692016522793	True	True
1116	399	27433	51968	0.730211	-0.45361469299224494	Higher in Control	0.006657	True	True	0.918127	-0.12323436652334435	Higher in Control	0.008813	True	True	0.664344	-0.5899976265348097	Higher in Control	0.005541	True	True	0.46676326001146534	True	True
1117	194	6362	12359	0.829607	-0.2695000276134171	Higher in Control	0.006657	True	True	1.044549	0.06288017110189854	Higher in AD	1.0	False	False	0.775686	-0.36645533154661775	Higher in Control	0.005541	True	True	0.4293355026485163	True	True
1120	507	42712	85559	0.58573	-0.7716923063937899	Higher in Control	0.006657	True	True	0.77198	-0.37336462339734783	Higher in Control	0.008813	True	True	0.550324	-0.8616468479464785	Higher in Control	0.005541	True	True	0.4882822245491307	True	True
1127	57	1336	260	0.73918	-0.43600237261819225	Higher in Control	0.006657	True	True	0.78133	-0.355996085816449	Higher in Control	0.01623	True	True	0.217465	-2.2011448704300376	Higher in Control	0.005541	True	True	1.8451487846135886	True	True
1128	36	471	159	0.638751	-0.6466744502164983	Higher in Control	0.006657	True	True	0.719136	-0.4756634619536495	Higher in Control	0.02257	True	True	0.23414	-2.094556672304104	Higher in Control	0.005541	True	True	1.6188932103504543	True	True
1129	55	937	548	0.593075	-0.753713536007851	Higher in Control	0.006657	True	True	0.652263	-0.6164743017647105	Higher in Control	0.008813	True	True	0.332287	-1.5894982430322646	Higher in Control	0.005541	True	True	0.9730239412675541	True	True
1130	68	1682	596	0.853407	-0.2286941507136197	Higher in Control	0.01901	True	True	0.955935	-0.06501557120619832	Higher in Control	0.391	False	False	0.302101	-1.7268971352748248	Higher in Control	0.005541	True	True	1.6618815640686264	True	True
1131	99	2545	2306	0.632422	-0.661040539432006	Higher in Control	0.006657	True	True	0.775937	-0.3659885732446052	Higher in Control	0.008813	True	True	0.464689	-1.1056626007451578	Higher in Control	0.005541	True	True	0.7396740275005526	True	True
1133	138	4786	4667	0.590117	-0.7609270750137119	Higher in Control	0.006657	True	True	0.860215	-0.217230806389112	Higher in Control	0.008813	True	True	0.353811	-1.4989491927076253	Higher in Control	0.005541	True	True	1.2817183863185133	True	True
1135	155	6008	5927	0.722066	-0.4697973830922285	Higher in Control	0.006657	True	True	0.865925	-0.2076860200667297	Higher in Control	0.008813	True	True	0.640657	-0.6423759328050315	Higher in Control	0.005541	True	True	0.43468991273830176	True	True
1138	76	929	1921	0.942159	-0.08595754337790477	Higher in Control	0.203	False	False	1.110131	0.15072993053839134	Higher in AD	1.0	False	False	0.888722	-0.17019589286696757	Higher in Control	0.1064	False	False	0.3209258234053589	False	False
1139	82	1372	1949	0.511697	-0.9666383198114622	Higher in Control	0.006657	True	True	0.591625	-0.7572450779237235	Higher in Control	0.008813	True	True	0.474619	-1.0751582390729364	Higher in Control	0.005541	True	True	0.31791316114921286	True	True
1142	120	2404	4736	0.532746	-0.9084802389804211	Higher in Control	0.006657	True	True	0.68963	-0.5361055595702409	Higher in Control	0.008813	True	True	0.490177	-1.0286253029804637	Higher in Control	0.005541	True	True	0.49251974341022287	True	True
1143	81	1089	2151	0.5183	-0.9481407011647501	Higher in Control	0.006657	True	True	0.629792	-0.6670526632851586	Higher in Control	0.008813	True	True	0.474091	-1.0767640892489385	Higher in Control	0.005541	True	True	0.40971142596377996	True	True
1145	54	576	855	0.412779	-1.2765585189094084	Higher in Control	0.006657	True	True	0.687077	-0.5414563054608937	Higher in Control	0.008813	True	True	0.317409	-1.6555850591172774	Higher in Control	0.005541	True	True	1.1141287536563835	True	True
1147	73	938	1690	0.644589	-0.633548526069268	Higher in Control	0.006657	True	True	0.863374	-0.21194244734610782	Higher in Control	0.05182	False	True	0.483623	-1.0480452374035136	Higher in Control	0.005541	True	True	0.8361027900574058	True	True
1148	89	1930	1986	0.480267	-1.0580914130494072	Higher in Control	0.006657	True	True	0.620189	-0.6892201571119079	Higher in Control	0.008813	True	True	0.301829	-1.7281966669346358	Higher in Control	0.005541	True	True	1.038976509822728	True	True
1150	57	526	1070	0.537103	-0.8967293151681933	Higher in Control	0.006657	True	True	0.826143	-0.2755365704644896	Higher in Control	0.08477	False	True	0.420955	-1.24826207714617	Higher in Control	0.005541	True	True	0.9727255066816805	True	True
