module	module_size	cluster_type	tissues	n_tissues	dominant_tissue	n_genes_ac	n_genes_dlpfc	n_genes_pcg	proportion_ac	proportion_dlpfc	proportion_pcg	tissue_entropy	tissue_entropy_normalized
10	424	CT	AC, DLPFC, PCG	3	PCG	27	165	232	0.06367924528	0.3891509434	0.5471698113	1.25887159	0.7942595418
11	465	CT	AC, DLPFC, PCG	3	AC	368	41	56	0.7913978495	0.08817204301	0.1204301075	0.9437916207	0.5954662147
18	177	CT	AC, DLPFC, PCG	3	DLPFC	23	97	57	0.1299435028	0.5480225989	0.3220338983	1.384508367	0.8735275225
21	296	CT	AC, DLPFC, PCG	3	DLPFC	40	137	119	0.1351351351	0.4628378378	0.402027027	1.433132984	0.9042062404
28	543	CT	AC, DLPFC, PCG	3	AC	213	157	173	0.3922651934	0.2891344383	0.3186003683	1.572949658	0.9924207404
31	614	CT	AC, DLPFC, PCG	3	AC	213	201	200	0.3469055375	0.3273615635	0.325732899	1.584365567	0.9996233767
34	549	CT	AC, DLPFC, PCG	3	PCG	185	171	193	0.3369763206	0.3114754098	0.3515482696	1.58317134	0.9988699034
35	458	CT	AC, DLPFC, PCG	3	DLPFC	142	168	148	0.3100436681	0.3668122271	0.3231441048	1.581185194	0.9976167848
54	376	CT	AC, DLPFC, PCG	3	AC	147	95	134	0.3909574468	0.2526595745	0.3563829787	1.561652498	0.9852930257
56	114	CT	AC, DLPFC, PCG	3	DLPFC	37	44	33	0.3245614035	0.3859649123	0.2894736842	1.574734122	0.9935466116
60	378	CT	AC, DLPFC, PCG	3	AC	154	119	105	0.4074074074	0.3148148148	0.2777777778	1.566040783	0.9880617252
68	192	CT	AC, DLPFC, PCG	3	DLPFC	47	109	36	0.2447916667	0.5677083333	0.1875	1.413529858	0.8918380447
85	330	CT	AC, DLPFC, PCG	3	PCG	109	103	118	0.3303030303	0.3121212121	0.3575757576	1.58270547	0.9985759723
86	401	CT	AC, DLPFC, PCG	3	DLPFC	66	208	127	0.1645885287	0.5187032419	0.3167082294	1.445003493	0.9116956975
88	280	CT	AC, DLPFC, PCG	3	PCG	104	62	114	0.3714285714	0.2214285714	0.4071428571	1.540156719	0.9717306989
89	92	CT	AC, DLPFC, PCG	3	AC	34	26	32	0.3695652174	0.2826086957	0.347826087	1.575897073	0.9942803517
91	167	CT	AC, DLPFC, PCG	3	AC	136	11	20	0.8143712575	0.06586826347	0.119760479	0.8664153337	0.546647213
92	206	CT	AC, DLPFC, PCG	3	PCG	13	14	179	0.06310679612	0.06796116505	0.8689320388	0.6912980545	0.4361605112
94	198	CT	AC, DLPFC, PCG	3	PCG	25	33	140	0.1262626263	0.1666666667	0.7070707071	1.161371605	0.7327439003
96	241	CT	AC, DLPFC, PCG	3	PCG	34	39	168	0.1410788382	0.1618257261	0.6970954357	1.186691203	0.7487187881
97	262	CT	AC, DLPFC, PCG	3	PCG	51	15	196	0.1946564885	0.0572519084	0.7480916031	1.009071166	0.6366530223
99	270	CT	AC, DLPFC, PCG	3	DLPFC	22	231	17	0.08148148148	0.8555555556	0.06296296296	0.7384882175	0.4659341891
101	251	CT	AC, DLPFC, PCG	3	DLPFC	24	200	27	0.09561752988	0.796812749	0.1075697211	0.9309367789	0.5873557125
102	189	CT	AC, DLPFC, PCG	3	AC	101	49	39	0.5343915344	0.2592592593	0.2063492063	1.457846505	0.9197987364
103	165	CT	AC, DLPFC, PCG	3	DLPFC	19	119	27	0.1151515152	0.7212121212	0.1636363636	1.12646828	0.7107223543
104	179	CT	AC, DLPFC, PCG	3	DLPFC	37	110	32	0.2067039106	0.6145251397	0.1787709497	1.345830621	0.8491245819
105	248	CT	AC, DLPFC, PCG	3	DLPFC	25	169	54	0.1008064516	0.6814516129	0.2177419355	1.189644074	0.7505818425
106	219	CT	AC, DLPFC, PCG	3	DLPFC	23	177	19	0.1050228311	0.8082191781	0.08675799087	0.8957061002	0.5651276291
108	49	CT	AC, DLPFC, PCG	3	PCG	13	16	20	0.2653061224	0.3265306122	0.4081632653	1.562785799	0.9860080588
110	148	CT	AC, DLPFC, PCG	3	PCG	21	28	99	0.1418918919	0.1891891892	0.6689189189	1.242217493	0.783751977
111	272	CT	AC, DLPFC, PCG	3	DLPFC	65	125	82	0.2389705882	0.4595588235	0.3014705882	1.530491489	0.965632618
112	198	CT	AC, DLPFC, PCG	3	DLPFC	39	97	62	0.196969697	0.4898989899	0.3131313131	1.490556603	0.9404365099
113	296	CT	AC, DLPFC, PCG	3	AC	107	100	89	0.3614864865	0.3378378378	0.3006756757	1.580862616	0.9974132608
115	339	CT	AC, DLPFC, PCG	3	AC	133	88	118	0.3923303835	0.2595870206	0.3480825959	1.564626932	0.9871696844
116	344	CT	AC, DLPFC, PCG	3	AC	140	80	124	0.4069767442	0.2325581395	0.3604651163	1.547851346	0.9765854686
117	231	CT	AC, DLPFC, PCG	3	AC	80	79	72	0.3463203463	0.341991342	0.3116883117	1.58340477	0.9990171811
119	451	CT	AC, DLPFC, PCG	3	AC	373	42	36	0.8270509978	0.09312638581	0.07982261641	0.8366166593	0.5278463427
121	519	CT	AC, DLPFC, PCG	3	DLPFC	136	208	175	0.2620423892	0.4007707129	0.3371868979	1.563813556	0.9866565016
122	352	CT	AC, DLPFC, PCG	3	PCG	123	103	126	0.3494318182	0.2926136364	0.3579545455	1.579385855	0.9964815283
124	94	CT	AC, DLPFC, PCG	3	PCG	12	18	64	0.1276595745	0.1914893617	0.6808510638	1.213331405	0.765526884
354	69	CT	AC, DLPFC, PCG	3	DLPFC	3	59	7	0.04347826087	0.8550724638	0.1014492754	0.7247228355	0.4572492
355	31	TS	AC, DLPFC	2	DLPFC	1	30	0	0.03225806452	0.9677419355	0	0.2055925082	0.1297144305
356	62	TS	DLPFC	1	DLPFC	0	62	0	0	1	0	-0	-0
416	36	CT	AC, DLPFC, PCG	3	DLPFC	6	26	4	0.1666666667	0.7222222222	0.1111111111	1.122113677	0.7079749058
417	31	CT	AC, DLPFC, PCG	3	AC	15	7	9	0.4838709677	0.2258064516	0.2903225806	1.509545717	0.9524173071
418	49	CT	AC, DLPFC, PCG	3	AC	20	19	10	0.4081632653	0.387755102	0.2040816327	1.525557485	0.962519608
419	70	CT	AC, DLPFC, PCG	3	AC	26	21	23	0.3714285714	0.3	0.3285714286	1.579396966	0.9964885388
421	45	CT	AC, DLPFC, PCG	3	AC	36	1	8	0.8	0.02222222222	0.1777777778	0.8225797618	0.5189900464
422	43	CT	AC, PCG	2	AC	32	0	11	0.7441860465	0	0.2558139535	0.820363643	0.5175918311
424	58	CT	AC, DLPFC, PCG	3	AC	42	1	15	0.724137931	0.01724137931	0.2586206897	0.9427966729	0.5948384725
425	74	CT	AC, DLPFC, PCG	3	AC	55	1	18	0.7432432432	0.01351351351	0.2432432432	0.8981907404	0.5666952625
433	74	CT	AC, DLPFC, PCG	3	AC	45	9	20	0.6081081081	0.1216216216	0.2702702703	1.316192876	0.8304252468
435	126	CT	AC, DLPFC, PCG	3	AC	78	15	33	0.619047619	0.119047619	0.2619047619	1.300059781	0.8202463973
436	30	CT	AC, DLPFC, PCG	3	AC	13	5	12	0.4333333333	0.1666666667	0.4	1.482393702	0.9352862929
442	52	CT	AC, DLPFC, PCG	3	AC	24	8	20	0.4615384615	0.1538461538	0.3846153846	1.460484681	0.9214632401
447	262	CT	AC, DLPFC, PCG	3	AC	240	12	10	0.9160305344	0.04580152672	0.03816793893	0.4994818798	0.3151379793
450	354	CT	AC, DLPFC, PCG	3	AC	305	24	25	0.8615819209	0.06779661017	0.07062146893	0.7184573533	0.4532961209
452	85	CT	AC, DLPFC, PCG	3	AC	70	9	6	0.8235294118	0.1058823529	0.07058823529	0.8436390396	0.5322769714
456	239	CT	AC, DLPFC, PCG	3	PCG	96	40	103	0.4016736402	0.1673640167	0.4309623431	1.483531753	0.9360043233
457	179	CT	AC, DLPFC, PCG	3	DLPFC	46	77	56	0.2569832402	0.4301675978	0.312849162	1.551758295	0.9790504789
461	87	CT	AC, DLPFC, PCG	3	PCG	22	15	50	0.2528735632	0.1724137931	0.5747126437	1.398073794	0.8820863545
462	185	CT	AC, DLPFC, PCG	3	PCG	60	62	63	0.3243243243	0.3351351351	0.3405405405	1.584666638	0.9998133314
463	102	CT	AC, DLPFC, PCG	3	PCG	30	21	51	0.2941176471	0.2058823529	0.5	1.488708909	0.9392707449
468	214	CT	AC, DLPFC, PCG	3	DLPFC	57	87	70	0.2663551402	0.4065420561	0.3271028037	1.563613593	0.9865303391
469	250	CT	AC, DLPFC, PCG	3	DLPFC	81	110	59	0.324	0.44	0.236	1.53957085	0.9713610571
470	54	CT	AC, DLPFC, PCG	3	PCG	16	16	22	0.2962962963	0.2962962963	0.4074074074	1.567711658	0.9891159298
474	59	CT	AC, DLPFC, PCG	3	AC	22	21	16	0.3728813559	0.3559322034	0.2711864407	1.57169116	0.9916267161
484	99	CT	AC, DLPFC, PCG	3	AC	69	12	18	0.696969697	0.1212121212	0.1818181818	1.179191089	0.7439867434
486	47	CT	AC, DLPFC, PCG	3	PCG	10	14	23	0.2127659574	0.2978723404	0.4893617021	1.50003194	0.9464147823
487	88	CT	AC, DLPFC, PCG	3	PCG	11	36	41	0.125	0.4090909091	0.4659090909	1.415901164	0.8933341722
488	51	CT	AC, DLPFC, PCG	3	PCG	5	16	30	0.09803921569	0.3137254902	0.5882352941	1.303477139	0.8224025102
489	72	CT	AC, DLPFC, PCG	3	PCG	26	16	30	0.3611111111	0.2222222222	0.4166666667	1.539117355	0.9710749335
492	200	CT	AC, DLPFC, PCG	3	AC	86	52	62	0.43	0.26	0.31	1.552647162	0.9796112915
494	368	CT	AC, DLPFC, PCG	3	AC	148	99	121	0.402173913	0.2690217391	0.3288043478	1.565714523	0.9878558784
495	244	CT	AC, DLPFC, PCG	3	PCG	80	63	101	0.3278688525	0.2581967213	0.4139344262	1.558596999	0.9833652207
682	565	CT	AC, DLPFC, PCG	3	AC	478	21	66	0.8460176991	0.03716814159	0.1168141593	0.7424911069	0.4684597311
691	382	CT	AC, DLPFC, PCG	3	AC	297	37	48	0.777486911	0.09685863874	0.1256544503	0.9845472745	0.6211801693
693	490	CT	AC, DLPFC, PCG	3	AC	385	46	59	0.7857142857	0.09387755102	0.1204081633	0.9615054398	0.6066423902
724	603	CT	AC, DLPFC, PCG	3	PCG	32	65	506	0.05306799337	0.1077943615	0.8391376451	0.7835288575	0.494351669
728	661	CT	AC, DLPFC, PCG	3	PCG	70	63	528	0.1059001513	0.09531013616	0.7987897126	0.9251501205	0.5837047376
729	572	CT	AC, DLPFC, PCG	3	PCG	66	67	439	0.1153846154	0.1171328671	0.7674825175	1.014882093	0.6403193088
732	124	CT	AC, DLPFC, PCG	3	AC	85	17	22	0.685483871	0.1370967742	0.1774193548	1.20909475	0.7628538527
733	161	CT	AC, DLPFC, PCG	3	AC	73	40	48	0.4534161491	0.248447205	0.298136646	1.537050315	0.9697707766
734	170	CT	AC, DLPFC, PCG	3	AC	95	33	42	0.5588235294	0.1941176471	0.2470588235	1.426575522	0.9000689422
738	391	CT	AC, DLPFC, PCG	3	PCG	123	96	172	0.3145780051	0.2455242967	0.4398976982	1.543497375	0.9738384186
739	419	CT	AC, DLPFC, PCG	3	AC	150	135	134	0.3579952267	0.3221957041	0.3198090692	1.583004857	0.9987648642
740	524	CT	AC, DLPFC, PCG	3	PCG	150	172	202	0.286259542	0.3282442748	0.3854961832	1.574264488	0.9932503057
745	795	CT	AC, DLPFC, PCG	3	DLPFC	273	295	227	0.3433962264	0.3710691824	0.2855345912	1.576574958	0.9947080494
746	908	CT	AC, DLPFC, PCG	3	DLPFC	256	358	294	0.281938326	0.3942731278	0.3237885463	1.571141309	0.9912797991
747	444	CT	AC, DLPFC, PCG	3	AC	155	144	145	0.3490990991	0.3243243243	0.3265765766	1.584156179	0.9994912678
750	449	CT	AC, DLPFC, PCG	3	PCG	151	135	163	0.3363028953	0.3006681514	0.3630289532	1.58070101	0.9973112989
751	706	CT	AC, DLPFC, PCG	3	DLPFC	232	270	204	0.328611898	0.3824362606	0.2889518414	1.575469739	0.9940107342
752	867	CT	AC, DLPFC, PCG	3	DLPFC	289	309	269	0.3333333333	0.3564013841	0.3102652826	1.582657533	0.9985457275
755	52	CT	AC, DLPFC, PCG	3	AC	31	10	11	0.5961538462	0.1923076923	0.2115384615	1.376341365	0.8683747181
757	1002	CT	AC, DLPFC, PCG	3	DLPFC	317	350	335	0.3163672655	0.3493013972	0.3343313373	1.583783408	0.9992560751
763	992	CT	AC, DLPFC, PCG	3	DLPFC	266	409	317	0.2681451613	0.4122983871	0.3195564516	1.562144872	0.9856036791
768	297	CT	AC, DLPFC, PCG	3	AC	125	86	86	0.4208754209	0.2895622896	0.2895622896	1.560983857	0.9848711601
771	1162	CT	AC, DLPFC, PCG	3	DLPFC	310	455	397	0.2667814114	0.3915662651	0.3416523236	1.567573783	0.9890289403
772	666	CT	AC, DLPFC, PCG	3	PCG	211	181	274	0.3168168168	0.2717717718	0.4114114114	1.563335086	0.9863546206
787	340	CT	AC, DLPFC, PCG	3	DLPFC	80	144	116	0.2352941176	0.4235294118	0.3411764706	1.545422574	0.9750530836
788	361	CT	AC, DLPFC, PCG	3	DLPFC	63	156	142	0.1745152355	0.432132964	0.3933518006	1.492100256	0.9414104468
792	270	CT	AC, DLPFC, PCG	3	PCG	83	87	100	0.3074074074	0.3222222222	0.3703703704	1.580334205	0.9970798704
794	105	CT	AC, DLPFC, PCG	3	PCG	10	30	65	0.09523809524	0.2857142857	0.619047619	1.267770216	0.79987395
795	316	CT	AC, DLPFC, PCG	3	PCG	97	106	113	0.3069620253	0.335443038	0.3575949367	1.582162594	0.9982334557
798	81	CT	AC, DLPFC, PCG	3	DLPFC	13	54	14	0.1604938272	0.6666666667	0.1728395062	1.251299258	0.7894819323
799	40	CT	AC, DLPFC, PCG	3	DLPFC	3	33	4	0.075	0.825	0.1	0.8414307589	0.5308837013
802	128	CT	AC, DLPFC, PCG	3	PCG	15	49	64	0.1171875	0.3828125	0.5	1.392780146	0.8787464344
805	296	CT	AC, DLPFC, PCG	3	DLPFC	67	124	105	0.2263513514	0.4189189189	0.3547297297	1.541398982	0.9725144798
807	380	CT	AC, DLPFC, PCG	3	PCG	124	123	133	0.3263157895	0.3236842105	0.35	1.58406037	0.9994308189
808	48	CT	AC, DLPFC, PCG	3	PCG	7	19	22	0.1458333333	0.3958333333	0.4583333333	1.450179109	0.9149611476
809	41	CT	AC, DLPFC, PCG	3	DLPFC	11	18	12	0.2682926829	0.4390243902	0.2926829268	1.549455716	0.977597713
856	253	CT	AC, DLPFC, PCG	3	DLPFC	9	215	29	0.03557312253	0.8498023715	0.1146245059	0.7289531141	0.4599182086
867	248	TS	DLPFC, PCG	2	DLPFC	0	238	10	0	0.9596774194	0.04032258065	0.2437692595	0.1538012788
881	221	CT	AC, DLPFC, PCG	3	DLPFC	4	198	19	0.01809954751	0.8959276018	0.08597285068	0.5511458466	0.3477343132
884	45	CT	AC, DLPFC, PCG	3	DLPFC	1	40	4	0.02222222222	0.8888888889	0.08888888889	0.5834725675	0.3681302033
901	285	CT	AC, DLPFC, PCG	3	DLPFC	8	247	30	0.02807017544	0.8666666667	0.1052631579	0.6655078492	0.4198887033
902	167	CT	AC, DLPFC, PCG	3	DLPFC	5	153	9	0.02994011976	0.9161676647	0.05389221557	0.4943671343	0.3119109342
904	154	CT	AC, DLPFC, PCG	3	DLPFC	5	140	9	0.03246753247	0.9090909091	0.05844155844	0.5249775286	0.3312239428
905	106	CT	AC, DLPFC, PCG	3	DLPFC	3	97	6	0.02830188679	0.9150943396	0.05660377358	0.4972015093	0.3136992257
906	206	CT	AC, DLPFC, PCG	3	DLPFC	14	176	16	0.06796116505	0.854368932	0.07766990291	0.7439620136	0.4693877699
913	119	CT	AC, DLPFC, PCG	3	DLPFC	7	87	25	0.05882352941	0.731092437	0.2100840336	1.043691937	0.6584962966
914	140	CT	AC, DLPFC, PCG	3	DLPFC	8	101	31	0.05714285714	0.7214285714	0.2214285714	1.057429836	0.6671639456
916	145	CT	AC, DLPFC, PCG	3	DLPFC	14	85	46	0.09655172414	0.5862068966	0.3172413793	1.302770825	0.8219568754
918	244	CT	AC, DLPFC, PCG	3	DLPFC	55	108	81	0.2254098361	0.4426229508	0.3319672131	1.533071417	0.9672603711
921	104	CT	AC, DLPFC, PCG	3	PCG	9	22	73	0.08653846154	0.2115384615	0.7019230769	1.137997281	0.7179963443
923	228	CT	AC, DLPFC, PCG	3	PCG	70	74	84	0.3070175439	0.3245614035	0.3684210526	1.580679384	0.997297654
924	259	CT	AC, DLPFC, PCG	3	DLPFC	85	89	85	0.3281853282	0.3436293436	0.3281853282	1.584620124	0.9997839841
925	215	CT	AC, DLPFC, PCG	3	DLPFC	37	123	55	0.1720930233	0.5720930233	0.2558139535	1.400965673	0.8839109269
930	41	CT	AC, DLPFC, PCG	3	PCG	4	6	31	0.09756097561	0.1463414634	0.756097561	1.038287111	0.6550862313
932	76	CT	AC, DLPFC, PCG	3	DLPFC	24	26	26	0.3157894737	0.3421052632	0.3421052632	1.583954285	0.9993638867
933	91	CT	AC, DLPFC, PCG	3	DLPFC	5	84	2	0.05494505495	0.9230769231	0.02197802198	0.4576374535	0.2887370858
935	527	CT	AC, DLPFC, PCG	3	PCG	137	188	202	0.2599620493	0.3567362429	0.3833017078	1.566039002	0.9880606014
937	431	CT	AC, DLPFC, PCG	3	DLPFC	135	182	114	0.313225058	0.4222737819	0.2645011601	1.557255911	0.9825190883
938	754	CT	AC, DLPFC, PCG	3	PCG	241	249	264	0.3196286472	0.3302387268	0.350132626	1.583928858	0.9993478443
947	164	CT	AC, DLPFC, PCG	3	PCG	53	49	62	0.3231707317	0.2987804878	0.3780487805	1.57791336	0.9955524875
951	513	CT	AC, DLPFC, PCG	3	DLPFC	164	175	174	0.3196881092	0.3411306043	0.3391812865	1.584349827	0.9996134461
954	534	CT	AC, DLPFC, PCG	3	AC	187	160	187	0.3501872659	0.2996254682	0.3501872659	1.581207124	0.9976306212
958	565	CT	AC, DLPFC, PCG	3	DLPFC	180	216	169	0.3185840708	0.382300885	0.2991150442	1.576907265	0.9949177122
959	743	CT	AC, DLPFC, PCG	3	DLPFC	198	319	226	0.266487214	0.4293405114	0.3041722746	1.554408602	0.9807226364
960	387	CT	AC, DLPFC, PCG	3	AC	183	45	159	0.4728682171	0.1162790698	0.4108527132	1.399148801	0.8827646082
962	105	CT	AC, DLPFC, PCG	3	DLPFC	13	82	10	0.1238095238	0.780952381	0.09523809524	0.974776359	0.615015408
1053	155	CT	AC, DLPFC, PCG	3	AC	99	16	40	0.6387096774	0.1032258065	0.2580645161	1.255586152	0.7921866618
1056	195	CT	AC, DLPFC, PCG	3	AC	129	16	50	0.6615384615	0.08205128205	0.2564102564	1.193786081	0.7531951577
1058	153	CT	AC, DLPFC, PCG	3	AC	73	23	57	0.477124183	0.1503267974	0.3725490196	1.451022819	0.9154934697
1059	63	CT	AC, PCG	2	AC	55	0	8	0.873015873	0	0.126984127	0.549108745	0.3464490452
1060	174	CT	AC, DLPFC, PCG	3	AC	98	30	46	0.5632183908	0.1724137931	0.2643678161	1.411149631	0.8903362886
1063	235	CT	AC, DLPFC, PCG	3	DLPFC	37	163	35	0.1574468085	0.6936170213	0.1489361702	1.195166439	0.7540660669
1064	178	CT	AC, DLPFC, PCG	3	DLPFC	47	76	55	0.2640449438	0.4269662921	0.308988764	1.555042693	0.9811227033
1065	228	CT	AC, DLPFC, PCG	3	DLPFC	38	99	91	0.1666666667	0.4342105263	0.399122807	1.482289737	0.9352206986
1067	478	CT	AC, DLPFC, PCG	3	DLPFC	126	213	139	0.2635983264	0.4456066946	0.2907949791	1.54487679	0.9747087324
1070	96	CT	AC, DLPFC, PCG	3	PCG	9	3	84	0.09375	0.03125	0.875	0.6449742088	0.4069334186
1072	112	CT	AC, DLPFC, PCG	3	PCG	29	22	61	0.2589285714	0.1964285714	0.5446428571	1.443391332	0.9106785376
1073	117	CT	AC, DLPFC, PCG	3	PCG	29	12	76	0.2478632479	0.1025641026	0.6495726496	1.240078481	0.7824024106
1074	417	CT	AC, DLPFC, PCG	3	AC	161	128	128	0.3860911271	0.3069544365	0.3069544365	1.576139503	0.9944333082
1075	696	CT	AC, DLPFC, PCG	3	AC	262	222	212	0.3764367816	0.3189655172	0.3045977011	1.578810902	0.9961187735
1077	313	CT	AC, DLPFC, PCG	3	AC	142	87	84	0.4536741214	0.2779552716	0.268370607	1.540003388	0.9716339581
1078	86	CT	AC, DLPFC, PCG	3	DLPFC	14	49	23	0.1627906977	0.5697674419	0.2674418605	1.397594101	0.8817837014
1085	419	CT	AC, DLPFC, PCG	3	DLPFC	126	149	144	0.3007159905	0.3556085919	0.3436754177	1.581301469	0.9976901463
1086	35	CT	AC, DLPFC, PCG	3	AC	14	11	10	0.4	0.3142857143	0.2857142857	1.569968798	0.9905400268
1088	586	CT	AC, DLPFC, PCG	3	DLPFC	177	223	186	0.3020477816	0.3805460751	0.3174061433	1.577606003	0.9953585667
1091	155	CT	AC, DLPFC, PCG	3	DLPFC	48	81	26	0.3096774194	0.5225806452	0.1677419355	1.44504387	0.9117211729
1095	486	CT	AC, DLPFC, PCG	3	AC	173	171	142	0.3559670782	0.3518518519	0.29218107	1.579323709	0.9964423182
1096	30	CT	AC, DLPFC, PCG	3	DLPFC	9	16	5	0.3	0.5333333333	0.1666666667	1.435591746	0.9057575466
1097	492	CT	AC, DLPFC, PCG	3	AC	179	169	144	0.3638211382	0.343495935	0.2926829268	1.579057495	0.9962743562
1106	397	CT	AC, DLPFC, PCG	3	DLPFC	102	153	142	0.2569269521	0.3853904282	0.3576826196	1.564401203	0.9870272653
1110	460	CT	AC, DLPFC, PCG	3	DLPFC	123	170	167	0.2673913043	0.3695652174	0.3630434783	1.570263181	0.9907257619
1112	473	CT	AC, DLPFC, PCG	3	AC	209	88	176	0.4418604651	0.1860465116	0.3720930233	1.5027619	0.9481371952
1115	279	CT	AC, DLPFC, PCG	3	PCG	89	87	103	0.3189964158	0.311827957	0.3691756272	1.580802624	0.9973754103
1116	399	CT	AC, DLPFC, PCG	3	PCG	143	96	160	0.35839599	0.2406015038	0.4010025063	1.553712364	0.9802833588
1117	194	CT	AC, DLPFC, PCG	3	DLPFC	49	74	71	0.2525773196	0.381443299	0.3659793814	1.562529456	0.9858463247
1120	507	CT	AC, DLPFC, PCG	3	PCG	157	171	179	0.3096646943	0.3372781065	0.3530571992	1.582861145	0.9986741919
1127	57	CT	AC, PCG	2	AC	52	0	5	0.9122807018	0	0.08771929825	0.4288109647	0.2705495963
1128	36	CT	AC, DLPFC, PCG	3	AC	31	1	4	0.8611111111	0.02777777778	0.1111111111	0.6815892897	0.4300349626
1129	55	CT	AC, DLPFC, PCG	3	AC	43	4	8	0.7818181818	0.07272727273	0.1454545455	0.9571890871	0.6039190749
1130	68	CT	AC, DLPFC, PCG	3	AC	58	2	8	0.8529411765	0.02941176471	0.1176470588	0.7085966983	0.4470747403
1131	99	CT	AC, DLPFC, PCG	3	AC	64	2	33	0.6464646465	0.0202020202	0.3333333333	1.048902015	0.6617834896
1133	138	CT	AC, DLPFC, PCG	3	AC	87	5	46	0.6304347826	0.03623188406	0.3333333333	1.121353626	0.7074953672
1135	155	CT	AC, DLPFC, PCG	3	AC	101	11	43	0.6516129032	0.07096774194	0.2774193548	1.186688973	0.7487173812
1138	76	CT	AC, DLPFC, PCG	3	PCG	26	23	27	0.3421052632	0.3026315789	0.3552631579	1.5816733	0.9979247454
1139	82	CT	AC, DLPFC, PCG	3	AC	47	19	16	0.5731707317	0.2317073171	0.1951219512	1.409060556	0.8890182294
1142	120	CT	AC, DLPFC, PCG	3	AC	48	32	40	0.4	0.2666666667	0.3333333333	1.56559623	0.9877812438
1143	81	CT	AC, DLPFC, PCG	3	AC	33	27	21	0.4074074074	0.3333333333	0.2592592593	1.561015011	0.984890816
1145	54	CT	AC, DLPFC, PCG	3	AC	27	6	21	0.5	0.1111111111	0.3888888889	1.382102253	0.8720094341
1147	73	CT	AC, DLPFC, PCG	3	PCG	27	14	32	0.3698630137	0.1917808219	0.4383561644	1.509209059	0.9522048999
1148	89	CT	AC, DLPFC, PCG	3	AC	59	12	18	0.6629213483	0.1348314607	0.202247191	1.24928242	0.7882094496
1150	57	CT	AC, DLPFC, PCG	3	AC	22	15	20	0.3859649123	0.2631578947	0.350877193	1.567110778	0.9887368172
